,timestamp,date_GMT,status,attendance,home_team_name,away_team_name,referee,Pre-Match PPG (Home),Pre-Match PPG (Away),home_ppg,away_ppg,home_team_goal_count,away_team_goal_count,total_goal_count,total_goals_at_half_time,home_team_goal_count_half_time,away_team_goal_count_half_time,home_team_goal_timings,away_team_goal_timings,home_team_corner_count,away_team_corner_count,home_team_yellow_cards,home_team_red_cards,away_team_yellow_cards,away_team_red_cards,home_team_first_half_cards,home_team_second_half_cards,away_team_first_half_cards,away_team_second_half_cards,home_team_shots,away_team_shots,home_team_shots_on_target,away_team_shots_on_target,home_team_shots_off_target,away_team_shots_off_target,home_team_fouls,away_team_fouls,home_team_possession,away_team_possession,team_a_xg,team_b_xg,average_goals_per_match_pre_match,btts_percentage_pre_match,over_15_percentage_pre_match,over_25_percentage_pre_match,over_35_percentage_pre_match,over_45_percentage_pre_match,over_15_HT_FHG_percentage_pre_match,over_05_HT_FHG_percentage_pre_match,average_corners_per_match_pre_match,average_cards_per_match_pre_match,odds_ft_home_team_win,odds_ft_draw,odds_ft_away_team_win,odds_ft_over15,odds_ft_over25,odds_ft_over35,odds_ft_over45,odds_btts_yes,odds_btts_no,stadium_name
0,1469889000,Jul 30 2016 - 2:30pm,complete,18427,Zenit,Lokomotiv Moskva,,0.0,0.0,2.4,1.53,0,0,0,0,0,0,,,4,2,1,0,3,0,0,1,1,2,14,4,3,2,11,2,17,21,66,34,0.0,0.0,0.0,0,0,0,0,0,0,0,0.0,0.0,0.0,0.0,0.0,0.0,0.0,0.0,0.0,0.0,0.0,Stadion Petrovskiy
1,1469898000,Jul 30 2016 - 5:00pm,complete,16500,Anzhi Makhachkala,CSKA Moskva,,0.0,0.0,1.0,2.0,0,0,0,0,0,0,,,2,4,2,0,0,0,0,2,0,0,3,16,0,8,3,8,21,21,41,59,0.0,0.0,0.0,0,0,0,0,0,0,0,0.0,0.0,0.0,0.0,0.0,0.0,0.0,0.0,0.0,0.0,0.0,Anzhi-Arena
2,1469903400,Jul 30 2016 - 6:30pm,complete,6000,Rostov,Orenburg,,0.0,0.0,2.47,0.47,1,0,1,0,0,0,83,,8,3,1,0,3,1,0,1,0,4,11,7,4,4,7,3,15,18,62,38,0.0,0.0,0.0,0,0,0,0,0,0,0,0.0,0.0,0.0,0.0,0.0,0.0,0.0,0.0,0.0,0.0,0.0,Stadion Olimp 2 (Rostov-na-Donu)
3,1469968200,Jul 31 2016 - 12:30pm,complete,7850,Ural,Ufa,,0.0,0.0,1.33,1.4,2,0,2,2,2,0,"5,43",,2,3,1,0,2,0,1,0,2,0,9,9,5,3,4,6,10,16,43,57,0.0,0.0,0.0,0,0,0,0,0,0,0,0.0,0.0,0.0,0.0,0.0,0.0,0.0,0.0,0.0,0.0,0.0,SKB-Bank Arena (Ekaterinburg)
4,1469977200,Jul 31 2016 - 3:00pm,complete,28052,Spartak Moskva,Arsenal Tula,,0.0,0.0,2.8,0.2,4,0,4,2,2,0,"6,34,47,90'2",,5,6,1,0,0,0,0,1,0,0,12,10,7,4,5,6,10,14,54,46,0.0,0.0,0.0,0,0,0,0,0,0,0,0.0,0.0,0.0,0.0,0.0,0.0,0.0,0.0,0.0,0.0,0.0,Otkrytiye Arena
5,1469986200,Jul 31 2016 - 5:30pm,complete,18783,Akhmat Grozny,Krylya Sovetov,,0.0,0.0,1.73,0.8,1,0,1,0,0,0,75,,5,2,1,0,2,0,0,1,1,1,11,8,5,5,6,3,10,17,65,35,0.0,0.0,0.0,0,0,0,0,0,0,0,0.0,0.0,0.0,0.0,0.0,0.0,0.0,0.0,0.0,0.0,0.0,Akhmat Arena
6,1470069000,Aug 01 2016 - 4:30pm,complete,12178,Rubin Kazan,Amkar Perm,,0.0,0.0,1.47,0.67,0,0,0,0,0,0,,,3,5,2,1,3,0,3,0,1,2,5,9,2,4,3,5,15,17,52,48,0.0,0.0,0.0,0,0,0,0,0,0,0,0.0,0.0,0.0,0.0,0.0,0.0,0.0,0.0,0.0,0.0,0.0,Central'nyj stadion Kazan' (Kazan')
7,1470069000,Aug 01 2016 - 4:30pm,complete,7198,Krasnodar,Tom' Tomsk,,0.0,0.0,2.0,0.2,3,0,3,1,1,0,"44,57,60",,6,3,1,0,3,1,1,0,0,4,9,11,2,3,7,8,13,16,63,37,0.0,0.0,0.0,0,0,0,0,0,0,0,0.0,0.0,0.0,0.0,0.0,0.0,0.0,0.0,0.0,0.0,0.0,Stadion Kuban'
8,1470492000,Aug 06 2016 - 2:00pm,complete,7800,Ufa,Zenit,,0.0,0.0,1.47,1.67,0,0,0,0,0,0,,,4,4,1,0,4,0,0,1,0,4,10,7,5,2,5,5,17,16,36,64,0.0,0.0,0.0,0,0,0,0,0,0,0,0.0,0.0,0.0,0.0,0.0,0.0,0.0,0.0,0.0,0.0,0.0,Stadion Neftyanik (Ufa)
9,1470501000,Aug 06 2016 - 4:30pm,complete,11500,Arsenal Tula,Rubin Kazan,,0.0,0.0,1.67,1.07,1,0,1,1,1,0,21,,1,2,1,0,3,0,0,1,1,2,9,13,4,6,5,7,14,14,41,59,0.0,0.0,0.0,0,0,0,0,0,0,0,0.0,0.0,0.0,0.0,0.0,0.0,0.0,0.0,0.0,0.0,0.0,Stadion Arsenal
10,1470574800,Aug 07 2016 - 1:00pm,complete,5600,Orenburg,CSKA Moskva,,0.0,1.0,1.53,2.0,0,1,1,0,0,0,,84,3,5,2,0,1,0,0,2,0,1,4,9,0,4,4,5,12,8,37,63,0.0,0.0,0.0,0,0,0,0,0,0,0,4.0,0.0,0.0,0.0,0.0,0.0,0.0,0.0,0.0,0.0,0.0,Stadion Gazovik
11,1470576600,Aug 07 2016 - 1:30pm,complete,8800,Amkar Perm,Anzhi Makhachkala,,0.0,0.0,1.67,1.0,2,0,2,1,1,0,"31,88",,2,2,2,0,3,1,0,2,2,2,11,6,7,3,4,3,9,15,48,52,0.0,0.0,0.0,0,0,0,0,0,0,0,0.0,0.0,0.0,0.0,0.0,0.0,0.0,0.0,0.0,0.0,0.0,Stadion Zvezda
12,1470585600,Aug 07 2016 - 4:00pm,complete,8103,Lokomotiv Moskva,Tom' Tomsk,,0.0,0.0,1.27,0.2,2,2,4,2,2,0,"13,33","76,85",7,2,0,0,4,0,0,0,2,2,14,7,6,5,8,2,15,18,57,43,0.0,0.0,1.5,0,50,50,0,0,0,50,3.0,4.0,0.0,0.0,0.0,0.0,0.0,0.0,0.0,0.0,0.0,Stadion Lokomotiv
13,1470594600,Aug 07 2016 - 6:30pm,complete,8494,Rostov,Ural,,3.0,0.0,2.47,0.67,0,0,0,0,0,0,,,0,2,2,1,4,0,3,0,2,2,4,6,0,5,4,1,9,19,42,58,0.0,0.0,0.5,0,0,0,0,0,0,0,8.0,1.0,0.0,0.0,0.0,0.0,0.0,0.0,0.0,0.0,0.0,Stadion Olimp 2 (Rostov-na-Donu)
14,1470673800,Aug 08 2016 - 4:30pm,complete,17449,Spartak Moskva,Krylya Sovetov,,3.0,0.0,2.8,0.8,1,0,1,0,0,0,70,,4,3,1,0,0,0,0,1,0,0,24,11,11,5,13,6,12,15,60,40,0.0,0.0,2.5,0,50,50,50,0,50,50,7.0,3.0,0.0,0.0,0.0,0.0,0.0,0.0,0.0,0.0,0.0,Otkrytiye Arena
15,1470673800,Aug 08 2016 - 4:30pm,complete,7930,Krasnodar,Akhmat Grozny,,3.0,0.0,2.0,1.47,4,0,4,1,1,0,"33,54,77,88",,3,5,3,0,2,0,2,1,0,2,8,7,6,5,2,2,14,14,50,50,0.0,0.0,1.5,0,50,50,0,0,0,50,6.0,1.0,0.0,0.0,0.0,0.0,0.0,0.0,0.0,0.0,0.0,Stadion Kuban'
16,1471019400,Aug 12 2016 - 4:30pm,complete,17967,Zenit,Rostov,,1.0,0.0,2.4,0.73,3,2,5,2,0,2,"50,72,85","8,14",9,1,5,0,3,1,3,2,3,1,9,4,3,0,6,4,13,15,74,26,0.0,0.0,0.0,0,0,0,0,0,0,0,4.0,1.0,0.0,0.0,0.0,0.0,0.0,0.0,0.0,0.0,0.0,Stadion Petrovskiy
17,1471091400,Aug 13 2016 - 12:30pm,complete,8800,Ural,CSKA Moskva,,3.0,2.0,1.33,2.0,0,1,1,0,0,0,,90'4,0,3,1,0,0,0,1,0,0,0,9,10,4,5,5,5,6,12,32,68,0.0,0.0,1.25,0,50,0,0,0,50,50,6.5,1.5,0.0,0.0,0.0,0.0,0.0,0.0,0.0,0.0,0.0,SKB-Bank Arena (Ekaterinburg)
18,1471100400,Aug 13 2016 - 3:00pm,complete,9012,Krylya Sovetov,Krasnodar,,0.0,0.0,1.07,1.27,1,1,2,1,1,0,3,52,7,2,2,0,0,0,1,1,0,0,9,16,6,7,3,9,15,8,45,55,0.0,0.0,0.0,0,0,0,0,0,0,0,0.0,0.0,0.0,0.0,0.0,0.0,0.0,0.0,0.0,0.0,0.0,Stadion Metallurg (Samara)
19,1471109400,Aug 13 2016 - 5:30pm,complete,17339,Rubin Kazan,Spartak Moskva,,1.0,0.0,1.47,1.8,1,1,2,2,1,1,45'1,21,1,10,3,0,3,0,1,2,1,2,7,8,3,4,4,4,13,18,38,62,0.0,0.0,0.0,0,0,0,0,0,0,0,3.0,3.0,0.0,0.0,0.0,0.0,0.0,0.0,0.0,0.0,0.0,Central'nyj stadion Kazan' (Kazan')
20,1471177800,Aug 14 2016 - 12:30pm,complete,6873,Tom' Tomsk,Ufa,,0.0,0.0,0.73,1.4,1,0,1,1,1,0,9,,5,5,2,0,2,0,0,2,1,1,6,8,2,4,4,4,19,23,48,52,0.0,0.0,1.0,0,50,0,0,0,50,50,3.0,2.0,0.0,0.0,0.0,0.0,0.0,0.0,0.0,0.0,0.0,Stadion Trud (Tomsk)
21,1471194000,Aug 14 2016 - 5:00pm,complete,7300,Anzhi Makhachkala,Arsenal Tula,,1.0,0.0,1.0,0.2,1,0,1,1,1,0,45'2,,3,4,5,0,2,0,2,3,0,2,8,10,4,6,4,4,13,12,50,50,0.0,0.0,2.0,0,50,50,50,0,50,50,8.0,2.0,0.0,0.0,0.0,0.0,0.0,0.0,0.0,0.0,0.0,Anzhi-Arena
22,1471195800,Aug 14 2016 - 5:30pm,complete,14720,Akhmat Grozny,Lokomotiv Moskva,,3.0,1.0,1.73,1.53,1,1,2,2,1,1,5,35,4,4,2,0,3,1,1,1,2,2,7,5,2,2,5,3,9,12,48,52,0.0,0.0,0.5,0,0,0,0,0,0,0,7.0,4.0,0.0,0.0,0.0,0.0,0.0,0.0,0.0,0.0,0.0,Akhmat Arena
23,1471271400,Aug 15 2016 - 2:30pm,complete,5083,Orenburg,Amkar Perm,,0.0,1.0,1.53,0.67,0,0,0,0,0,0,,,6,1,3,0,3,0,1,2,1,2,9,3,3,0,6,3,14,22,58,42,0.0,0.0,0.5,0,0,0,0,0,0,0,8.0,5.0,0.0,0.0,0.0,0.0,0.0,0.0,0.0,0.0,0.0,Stadion Gazovik
24,1471624200,Aug 19 2016 - 4:30pm,complete,8572,Rubin Kazan,Anzhi Makhachkala,,1.0,0.0,1.47,1.0,1,2,3,2,1,1,34,"42,54",5,2,0,0,3,0,0,0,0,3,15,11,6,7,9,4,8,19,61,39,0.0,0.0,1.5,25,75,0,0,0,25,75,4.0,7.0,0.0,0.0,0.0,0.0,0.0,0.0,0.0,0.0,0.0,Central'nyj stadion Kazan' (Kazan')
25,1471692600,Aug 20 2016 - 11:30am,complete,4800,Ufa,Akhmat Grozny,,1.0,0.0,1.47,1.47,1,3,4,0,0,0,75,"48,87,89",11,3,3,0,3,0,1,2,1,2,8,5,3,3,5,2,19,19,63,37,0.0,0.0,2.0,0,50,50,50,0,0,50,9.0,3.0,0.0,0.0,0.0,0.0,0.0,0.0,0.0,0.0,0.0,Stadion Neftyanik (Ufa)
26,1471701600,Aug 20 2016 - 2:00pm,complete,17678,Zenit,CSKA Moskva,,2.0,2.33,2.4,2.0,1,1,2,2,1,1,45,24,6,3,2,0,3,0,1,1,3,0,8,11,4,3,4,8,9,16,58,42,0.0,0.0,1.59,25,25,25,25,25,25,25,10.5,3.33,0.0,0.0,0.0,0.0,0.0,0.0,0.0,0.0,0.0,Stadion Petrovskiy
27,1471717800,Aug 20 2016 - 6:30pm,complete,7971,Rostov,Tom' Tomsk,,2.0,0.5,2.47,0.2,3,0,3,2,2,0,"17,45,52",,3,4,2,0,3,0,0,2,1,2,7,10,3,3,4,7,20,20,48,52,0.0,0.0,2.0,25,50,50,25,0,25,50,6.5,6.5,0.0,0.0,0.0,0.0,0.0,0.0,0.0,0.0,0.0,Stadion Olimp 2 (Rostov-na-Donu)
28,1471782600,Aug 21 2016 - 12:30pm,complete,7900,Amkar Perm,Ural,,3.0,1.0,1.67,0.67,1,0,1,0,0,0,63,,3,2,0,0,0,0,0,0,0,0,5,8,0,3,5,5,9,6,61,39,0.0,0.0,1.0,0,50,0,0,0,0,50,4.0,6.0,0.0,0.0,0.0,0.0,0.0,0.0,0.0,0.0,0.0,Stadion Zvezda
29,1471791600,Aug 21 2016 - 3:00pm,complete,31035,Spartak Moskva,Krasnodar,,3.0,1.0,2.8,1.27,2,0,2,1,1,0,"15,74",,4,6,3,0,1,0,0,3,0,1,12,8,4,4,8,4,13,13,44,56,0.0,0.0,2.25,50,75,25,25,0,25,75,6.5,1.0,0.0,0.0,0.0,0.0,0.0,0.0,0.0,0.0,0.0,Otkrytiye Arena
30,1471800600,Aug 21 2016 - 5:30pm,complete,9107,Lokomotiv Moskva,Krylya Sovetov,,1.0,0.0,1.27,0.8,0,0,0,0,0,0,,,6,2,2,0,2,0,1,1,1,1,14,9,8,4,6,5,12,7,65,35,0.0,0.0,2.5,50,50,50,50,0,50,50,9.5,1.0,0.0,0.0,0.0,0.0,0.0,0.0,0.0,0.0,0.0,Stadion Lokomotiv
31,1471883400,Aug 22 2016 - 4:30pm,complete,10900,Arsenal Tula,Orenburg,,3.0,0.0,1.67,0.47,0,0,0,0,0,0,,,2,4,2,0,3,1,1,1,1,3,7,7,2,3,5,4,10,12,64,36,0.0,0.0,1.0,0,0,0,0,0,0,50,4.0,5.0,0.0,0.0,0.0,0.0,0.0,0.0,0.0,0.0,0.0,Stadion Arsenal
32,1472225400,Aug 26 2016 - 3:30pm,complete,9082,Krylya Sovetov,Ufa,,1.0,0.0,1.07,1.4,0,1,1,0,0,0,,83,6,2,1,0,5,1,0,1,0,6,3,3,3,2,0,1,13,24,62,38,0.0,0.0,1.75,50,75,0,0,0,25,100,11.0,4.0,0.0,0.0,0.0,0.0,0.0,0.0,0.0,0.0,0.0,Stadion Metallurg (Samara)
33,1472292000,Aug 27 2016 - 10:00am,complete,5825,Orenburg,Rubin Kazan,,0.5,0.0,1.53,1.07,1,1,2,1,1,0,45'1,90'1,0,7,4,0,1,0,2,2,1,0,8,12,3,5,5,7,22,14,45,55,0.0,0.0,0.75,0,0,0,0,0,0,50,6.5,5.5,0.0,0.0,0.0,0.0,0.0,0.0,0.0,0.0,0.0,Stadion Gazovik
34,1472301000,Aug 27 2016 - 12:30pm,complete,8250,Tom' Tomsk,CSKA Moskva,,3.0,2.0,0.73,2.0,0,1,1,0,0,0,,54,7,10,2,1,2,0,0,3,0,2,7,8,3,5,4,3,7,15,55,45,0.0,0.0,1.0,13,13,0,0,0,13,63,8.75,3.0,0.0,0.0,0.0,0.0,0.0,0.0,0.0,0.0,0.0,Stadion Trud (Tomsk)
35,1472310000,Aug 27 2016 - 3:00pm,complete,17864,Zenit,Amkar Perm,,1.67,1.0,2.4,0.67,3,0,3,2,2,0,"22,32,89",,9,1,0,0,0,0,0,0,0,0,12,2,6,2,6,0,7,11,67,33,0.0,0.0,1.17,34,34,17,17,17,34,34,9.33,5.67,0.0,0.0,0.0,0.0,0.0,0.0,0.0,0.0,0.0,Stadion Petrovskiy
36,1472392800,Aug 28 2016 - 2:00pm,complete,6556,Ural,Arsenal Tula,,1.5,0.0,1.33,0.2,1,1,2,0,0,0,87,48,6,2,0,0,3,0,0,0,0,3,12,3,7,2,5,1,7,14,63,37,0.0,0.0,2.0,0,50,25,25,0,50,75,6.0,2.0,0.0,0.0,0.0,0.0,0.0,0.0,0.0,0.0,0.0,SKB-Bank Arena (Ekaterinburg)
37,1472400900,Aug 28 2016 - 4:15pm,complete,14372,Akhmat Grozny,Rostov,,2.0,0.0,1.73,0.73,2,1,3,3,2,1,"33,35",31,7,4,2,0,4,1,1,1,1,4,6,5,3,3,3,2,10,20,47,53,0.0,0.0,3.25,75,75,50,50,50,75,75,5.5,5.5,0.0,0.0,0.0,0.0,0.0,0.0,0.0,0.0,0.0,Akhmat Arena
38,1472400900,Aug 28 2016 - 4:15pm,complete,12780,Krasnodar,Lokomotiv Moskva,,3.0,1.0,2.0,1.53,1,2,3,1,0,1,48,"41,56",5,6,1,0,3,0,0,1,1,2,9,8,3,5,6,3,21,24,59,41,0.0,0.0,2.25,25,75,50,25,0,25,75,7.5,5.5,0.0,0.0,0.0,0.0,0.0,0.0,0.0,0.0,0.0,Stadion Kuban'
39,1472409000,Aug 28 2016 - 6:30pm,complete,14300,Anzhi Makhachkala,Spartak Moskva,,2.0,1.0,1.0,1.8,0,2,2,1,0,1,,"18,81",11,5,4,0,3,1,0,4,1,3,13,14,2,6,11,8,17,16,53,47,0.0,0.0,1.25,50,50,0,0,0,50,75,12.5,6.5,0.0,0.0,0.0,0.0,0.0,0.0,0.0,0.0,0.0,Anzhi-Arena
40,1473440400,Sep 09 2016 - 5:00pm,complete,14800,Rostov,Krylya Sovetov,,2.33,0.33,2.47,0.8,2,1,3,1,1,0,"33,59",54,4,4,3,0,3,0,1,2,0,3,4,16,3,8,1,8,17,16,42,58,0.0,0.0,1.0,0,17,17,0,0,17,17,6.0,3.66,0.0,0.0,0.0,0.0,0.0,0.0,0.0,0.0,0.0,Stadion Olimp 2 (Rostov-na-Donu)
41,1473510600,Sep 10 2016 - 12:30pm,complete,6500,Amkar Perm,Tom' Tomsk,,3.0,0.33,1.67,0.2,1,0,1,0,0,0,47,,6,7,2,0,1,0,1,1,0,1,8,7,3,3,5,4,23,8,46,54,0.0,0.0,2.42,17,75,50,17,0,34,75,5.5,4.67,0.0,0.0,0.0,0.0,0.0,0.0,0.0,0.0,0.0,Stadion Zvezda
42,1473519600,Sep 10 2016 - 3:00pm,complete,5012,Orenburg,Anzhi Makhachkala,,0.67,1.5,1.53,1.0,0,0,0,0,0,0,,,6,4,2,0,2,0,0,2,1,1,6,4,3,0,3,4,15,16,50,50,0.0,0.0,1.75,42,67,25,0,0,25,67,5.0,6.5,0.0,0.0,0.0,0.0,0.0,0.0,0.0,0.0,0.0,Stadion Gazovik
43,1473528600,Sep 10 2016 - 5:30pm,complete,26420,CSKA Moskva,Akhmat Grozny,,0.0,1.5,2.13,1.47,3,0,3,2,2,0,"26,38,76",,3,1,1,0,1,1,1,0,1,1,8,8,4,4,4,4,19,10,60,40,0.0,0.0,2.0,25,50,50,50,0,0,25,4.0,2.5,0.0,0.0,0.0,0.0,0.0,0.0,0.0,0.0,0.0,VEB Arena
44,1473591600,Sep 11 2016 - 11:00am,complete,5800,Ufa,Krasnodar,,0.5,0.5,1.47,1.27,0,0,0,0,0,0,,,5,7,3,0,1,0,0,3,0,1,4,11,2,6,2,5,17,19,41,59,0.0,0.0,2.0,50,75,25,25,0,0,50,11.5,2.5,0.0,0.0,0.0,0.0,0.0,0.0,0.0,0.0,0.0,Stadion Neftyanik (Ufa)
45,1473600600,Sep 11 2016 - 1:30pm,complete,43710,Spartak Moskva,Lokomotiv Moskva,,3.0,1.67,2.8,1.53,1,0,1,1,1,0,25,,3,6,0,0,1,0,0,0,0,1,14,4,8,2,6,2,12,11,47,53,0.0,0.0,2.0,34,67,33,17,0,33,67,8.33,5.0,0.0,0.0,0.0,0.0,0.0,0.0,0.0,0.0,0.0,Otkrytiye Arena
46,1473609600,Sep 11 2016 - 4:00pm,complete,18200,Arsenal Tula,Zenit,,2.0,1.0,1.67,1.67,0,5,5,2,0,2,,"18,38,66,84,89",1,3,0,0,0,0,0,0,0,0,10,10,4,6,6,4,14,6,40,60,0.0,0.0,0.25,0,0,0,0,0,0,25,5.5,5.5,0.0,0.0,0.0,0.0,0.0,0.0,0.0,0.0,0.0,Stadion Arsenal
47,1473697800,Sep 12 2016 - 4:30pm,complete,5399,Rubin Kazan,Ural,,0.67,0.5,1.47,0.67,3,1,4,1,1,0,"29,70,76",87,10,4,1,0,2,0,1,0,1,1,13,8,6,6,7,2,4,17,58,42,0.0,0.0,1.09,34,34,17,0,0,34,34,5.0,4.0,0.0,0.0,0.0,0.0,0.0,0.0,0.0,0.0,0.0,Central'nyj stadion Kazan' (Kazan')
48,1474034400,Sep 16 2016 - 2:00pm,complete,7043,Orenburg,Spartak Moskva,,0.75,2.0,1.53,1.8,1,3,4,2,1,1,41,"2,66,69",5,2,5,0,4,0,2,3,2,2,2,4,2,0,0,4,15,16,48,52,0.0,0.0,1.38,38,63,0,0,0,25,63,11.25,6.25,0.0,0.0,0.0,0.0,0.0,0.0,0.0,0.0,0.0,Stadion Gazovik
49,1474110000,Sep 17 2016 - 11:00am,complete,4250,Tom' Tomsk,Arsenal Tula,,1.5,0.33,0.73,0.2,1,0,1,1,1,0,25,,10,4,0,0,3,0,0,0,0,3,3,9,2,3,1,6,21,12,37,63,0.0,0.0,1.67,17,34,17,17,0,17,59,10.0,4.67,0.0,0.0,0.0,0.0,0.0,0.0,0.0,0.0,0.0,Stadion Trud (Tomsk)
50,1474119000,Sep 17 2016 - 1:30pm,complete,4800,Ural,Anzhi Makhachkala,,1.33,1.33,1.33,1.0,0,1,1,1,0,1,,25,5,4,0,0,2,0,0,0,0,2,14,5,5,4,9,1,10,10,57,43,0.0,0.0,1.67,33,67,17,0,0,33,50,5.34,3.67,0.0,0.0,0.0,0.0,0.0,0.0,0.0,0.0,0.0,SKB-Bank Arena (Ekaterinburg)
51,1474128000,Sep 17 2016 - 4:00pm,complete,14735,Akhmat Grozny,Amkar Perm,,2.33,0.67,1.73,0.67,1,3,4,2,1,1,9,"26,51,74",1,6,3,0,4,0,1,2,1,3,8,10,3,2,5,8,14,22,51,49,0.0,0.0,1.5,34,50,33,0,0,50,50,7.66,3.67,0.0,0.0,0.0,0.0,0.0,0.0,0.0,0.0,0.0,Akhmat Arena
52,1474128000,Sep 17 2016 - 4:00pm,complete,9714,Lokomotiv Moskva,Ufa,,1.0,1.0,1.27,1.4,0,1,1,0,0,0,,69,8,1,0,0,3,0,0,0,0,3,15,3,7,0,8,3,18,18,61,39,0.0,0.0,1.67,25,42,25,25,0,42,59,9.83,4.33,0.0,0.0,0.0,0.0,0.0,0.0,0.0,0.0,0.0,Stadion Lokomotiv
53,1474208100,Sep 18 2016 - 2:15pm,complete,11083,Krylya Sovetov,CSKA Moskva,,0.5,2.2,1.07,2.0,1,2,3,2,1,1,44,"7,77",3,7,1,0,1,0,0,1,0,1,5,7,2,2,3,5,4,8,47,53,0.0,0.0,1.25,35,35,0,0,0,10,35,11.5,2.7,0.0,0.0,0.0,0.0,0.0,0.0,0.0,0.0,0.0,Stadion Metallurg (Samara)
54,1474218000,Sep 18 2016 - 5:00pm,complete,6425,Krasnodar,Rostov,,2.0,0.0,2.0,0.73,2,1,3,1,0,1,"87,90'4",10,6,2,0,0,2,0,0,0,1,1,2,3,0,0,2,3,2,7,69,31,0.0,0.0,3.67,67,100,100,42,25,50,100,7.17,6.17,0.0,0.0,0.0,0.0,0.0,0.0,0.0,0.0,0.0,Stadion Kuban'
55,1474302600,Sep 19 2016 - 4:30pm,complete,17008,Zenit,Rubin Kazan,,2.0,0.5,2.4,1.07,4,1,5,1,1,0,"16,53,59,63",86,2,1,3,0,2,0,0,3,0,2,7,5,2,3,5,2,14,14,51,49,0.0,0.0,2.0,50,63,25,13,13,38,88,11.5,4.0,0.0,0.0,0.0,0.0,0.0,0.0,0.0,0.0,0.0,Stadion Petrovskiy
56,1474725600,Sep 24 2016 - 2:00pm,complete,14080,CSKA Moskva,Krasnodar,,3.0,0.67,2.13,1.27,1,1,2,2,1,1,3,15,6,1,2,0,1,0,1,1,0,1,11,8,5,0,6,8,16,21,56,44,0.0,0.0,2.17,17,84,50,0,0,50,84,8.0,1.67,0.0,0.0,0.0,0.0,0.0,0.0,0.0,0.0,0.0,VEB Arena
57,1474741800,Sep 24 2016 - 6:30pm,complete,12777,Rostov,Lokomotiv Moskva,,2.5,1.25,2.47,1.53,1,0,1,1,1,0,41,,5,3,1,1,1,0,1,1,0,1,4,6,2,5,2,1,12,17,38,62,0.0,0.0,1.63,38,50,38,0,0,25,63,8.25,5.25,0.0,0.0,0.0,0.0,0.0,0.0,0.0,0.0,0.0,Stadion Olimp 2 (Rostov-na-Donu)
58,1474794000,Sep 25 2016 - 9:00am,complete,5000,Orenburg,Ural,,0.6,0.33,1.53,0.67,0,1,1,0,0,0,,60,6,2,2,0,1,0,1,1,1,0,4,6,2,2,2,4,19,17,65,35,0.0,0.0,1.54,37,37,27,27,0,10,37,6.67,5.2,0.0,0.0,0.0,0.0,0.0,0.0,0.0,0.0,0.0,Stadion Gazovik
59,1474803000,Sep 25 2016 - 11:30am,complete,6800,Arsenal Tula,Akhmat Grozny,,1.33,1.0,1.67,1.47,0,0,0,0,0,0,,,9,8,4,0,2,0,1,3,0,2,14,12,10,5,4,7,13,11,41,59,0.0,0.0,2.84,17,67,67,50,17,33,67,4.33,3.33,0.0,0.0,0.0,0.0,0.0,0.0,0.0,0.0,0.0,Stadion Arsenal
60,1474812000,Sep 25 2016 - 2:00pm,complete,26117,Spartak Moskva,Ufa,,3.0,1.5,2.8,1.4,0,1,1,1,0,1,,39,6,4,2,0,2,0,1,1,1,1,15,7,5,5,10,2,12,23,67,33,0.0,0.0,1.63,0,38,13,13,0,25,63,6.75,4.5,0.0,0.0,0.0,0.0,0.0,0.0,0.0,0.0,0.0,Otkrytiye Arena
61,1474821000,Sep 25 2016 - 4:30pm,complete,9800,Anzhi Makhachkala,Zenit,,1.33,2.0,1.0,1.67,2,2,4,3,1,2,"28,64","6,18",1,6,4,0,2,0,1,3,0,2,6,16,0,8,6,8,21,9,37,63,0.0,0.0,1.75,0,42,25,25,25,25,59,8.83,5.67,0.0,0.0,0.0,0.0,0.0,0.0,0.0,0.0,0.0,Anzhi-Arena
62,1474898400,Sep 26 2016 - 2:00pm,complete,8180,Amkar Perm,Krylya Sovetov,,3.0,0.25,1.67,0.8,0,0,0,0,0,0,,,3,2,1,0,1,0,0,1,1,0,10,10,2,4,8,6,13,9,48,52,0.0,0.0,1.29,13,29,13,0,0,0,29,6.42,3.08,0.0,0.0,0.0,0.0,0.0,0.0,0.0,0.0,0.0,Stadion Zvezda
63,1474907400,Sep 26 2016 - 4:30pm,complete,4463,Rubin Kazan,Tom' Tomsk,,1.25,0.25,1.47,0.2,2,1,3,1,1,0,"26,79",49,6,6,1,0,1,0,0,1,1,0,15,10,6,4,9,6,13,12,54,46,0.0,0.0,2.5,50,75,63,25,0,50,75,8.75,4.75,0.0,0.0,0.0,0.0,0.0,0.0,0.0,0.0,0.0,Central'nyj stadion Kazan' (Kazan')
64,1475312400,Oct 01 2016 - 9:00am,complete,2950,Tom' Tomsk,Ural,,2.0,1.0,0.73,0.67,1,1,2,2,1,1,23,45,3,8,2,0,2,0,0,2,0,2,7,13,5,7,2,6,18,19,44,56,0.0,0.0,1.25,13,13,13,13,0,0,46,9.83,3.75,0.0,0.0,0.0,0.0,0.0,0.0,0.0,0.0,0.0,Stadion Trud (Tomsk)
65,1475321400,Oct 01 2016 - 11:30am,complete,5263,Krylya Sovetov,Anzhi Makhachkala,,0.33,1.75,1.07,1.0,2,1,3,2,2,0,"18,45'1",90'1,8,4,1,0,5,0,0,1,2,3,8,9,4,5,4,4,13,15,52,48,0.0,0.0,1.75,46,59,29,0,0,29,71,8.33,4.08,0.0,0.0,0.0,0.0,0.0,0.0,0.0,0.0,0.0,Stadion Metallurg (Samara)
66,1475330400,Oct 01 2016 - 2:00pm,complete,8743,Lokomotiv Moskva,Arsenal Tula,,0.67,0.25,1.27,0.2,1,1,2,1,0,1,90'1,44,10,4,1,0,2,0,0,1,0,2,11,5,4,2,7,3,13,12,70,30,0.0,0.0,1.84,29,42,29,29,0,29,54,11.0,2.67,0.0,0.0,0.0,0.0,0.0,0.0,0.0,0.0,0.0,Stadion Lokomotiv
67,1475339400,Oct 01 2016 - 4:30pm,complete,12320,Akhmat Grozny,Orenburg,,1.75,0.5,1.73,0.47,2,1,3,1,1,0,"25,86",90'3,5,6,2,0,2,0,1,1,2,0,8,15,2,5,6,10,17,16,48,52,0.0,0.0,1.5,38,38,25,13,0,38,38,7.75,6.0,0.0,0.0,0.0,0.0,0.0,0.0,0.0,0.0,0.0,Akhmat Arena
68,1475406000,Oct 02 2016 - 11:00am,complete,9050,Ufa,Amkar Perm,,0.67,1.25,1.47,0.67,1,1,2,0,0,0,52,75,7,1,1,0,1,0,0,1,0,1,7,5,4,2,3,3,14,22,55,45,0.0,0.0,1.54,29,42,42,29,0,25,25,9.92,4.83,0.0,0.0,0.0,0.0,0.0,0.0,0.0,0.0,0.0,Stadion Neftyanik (Ufa)
69,1475415000,Oct 02 2016 - 1:30pm,complete,18684,Zenit,Spartak Moskva,,2.2,2.33,2.4,1.8,4,2,6,4,2,2,"20,33,61,87","28,37",4,7,3,0,4,0,2,1,1,3,7,9,0,3,7,6,17,24,52,48,0.0,0.0,2.84,64,90,47,37,20,64,90,11.67,5.87,0.0,0.0,0.0,0.0,0.0,0.0,0.0,0.0,0.0,Stadion Petrovskiy
70,1475424000,Oct 02 2016 - 4:00pm,complete,5200,Krasnodar,Rubin Kazan,,2.25,0.33,2.0,1.07,1,0,1,1,1,0,45'1,,5,1,2,0,3,0,2,0,2,1,4,4,2,2,2,2,18,21,52,48,0.0,0.0,2.96,59,84,67,29,17,0,100,8.33,3.25,0.0,0.0,0.0,0.0,0.0,0.0,0.0,0.0,0.0,Stadion Kuban'
71,1475424000,Oct 02 2016 - 4:00pm,complete,14150,Rostov,CSKA Moskva,,2.6,2.33,2.47,2.0,2,0,2,0,0,0,"66,90'3",,6,5,1,0,2,0,1,0,1,1,6,5,2,0,4,5,9,15,41,59,0.0,0.0,1.47,27,37,29,0,0,27,47,9.33,3.57,0.0,0.0,0.0,0.0,0.0,0.0,0.0,0.0,0.0,Stadion Olimp 2 (Rostov-na-Donu)
72,1476462600,Oct 14 2016 - 4:30pm,complete,9800,CSKA Moskva,Ufa,,2.0,1.8,2.13,1.4,1,0,1,1,1,0,18,,2,6,3,0,2,0,1,2,1,1,6,7,2,2,4,5,15,15,49,51,0.0,0.0,1.85,25,60,25,0,0,60,80,7.5,4.5,0.0,0.0,0.0,0.0,0.0,0.0,0.0,0.0,0.0,VEB Arena
73,1476531000,Oct 15 2016 - 11:30am,complete,7760,Amkar Perm,Lokomotiv Moskva,,2.5,1.0,1.67,1.53,0,0,0,0,0,0,,,4,7,1,0,3,0,0,1,1,2,8,5,2,4,6,1,12,14,54,46,0.0,0.0,1.2,20,33,10,0,0,10,53,7.7,3.65,0.0,0.0,0.0,0.0,0.0,0.0,0.0,0.0,0.0,Stadion Zvezda
74,1476540000,Oct 15 2016 - 2:00pm,complete,9176,Rubin Kazan,Krylya Sovetov,,1.6,0.4,1.47,0.8,3,0,3,1,1,0,"38,52,53",,4,7,1,0,3,0,0,1,1,2,9,14,4,9,5,5,14,16,46,54,0.0,0.0,1.7,50,50,40,10,0,20,50,7.6,3.2,0.0,0.0,0.0,0.0,0.0,0.0,0.0,0.0,0.0,Kazan' Arena
75,1476549000,Oct 15 2016 - 4:30pm,complete,32221,Spartak Moskva,Rostov,,2.4,0.0,2.8,0.73,1,0,1,0,0,0,53,,3,3,2,0,3,2,1,1,2,3,12,9,8,4,4,5,13,12,53,47,0.0,0.0,2.74,50,70,60,27,17,44,90,6.73,5.07,0.0,0.0,0.0,0.0,0.0,0.0,0.0,0.0,0.0,Otkrytiye Arena
76,1476615600,Oct 16 2016 - 11:00am,complete,8500,Ural,Zenit,,1.0,1.67,1.33,1.67,0,2,2,1,0,1,,"22,89",5,5,2,0,1,0,0,2,0,1,10,13,4,6,6,7,14,14,45,55,0.0,0.0,2.25,29,59,34,34,17,46,59,7.58,2.5,0.0,0.0,0.0,0.0,0.0,0.0,0.0,0.0,0.0,SKB-Bank Arena (Ekaterinburg)
77,1476624600,Oct 16 2016 - 1:30pm,complete,4416,Orenburg,Tom' Tomsk,,0.5,0.2,1.53,0.2,3,1,4,2,2,0,"12,42,90'2",77,2,3,1,0,2,0,0,1,1,1,9,8,5,5,4,3,18,13,40,60,0.0,0.0,2.07,37,57,49,19,0,29,57,8.73,5.6,0.0,0.0,0.0,0.0,0.0,0.0,0.0,0.0,0.0,Stadion Gazovik
78,1476633600,Oct 16 2016 - 4:00pm,complete,7500,Arsenal Tula,Krasnodar,,1.25,0.75,1.67,1.27,0,0,0,0,0,0,,,5,13,1,0,1,0,0,1,0,1,9,12,2,5,7,7,10,7,28,72,0.0,0.0,1.5,25,50,13,13,13,25,63,7.25,2.5,0.0,0.0,0.0,0.0,0.0,0.0,0.0,0.0,0.0,Stadion Arsenal
79,1476721800,Oct 17 2016 - 4:30pm,complete,7200,Anzhi Makhachkala,Akhmat Grozny,,1.25,1.0,1.0,1.47,0,0,0,0,0,0,,,6,5,1,0,3,1,0,1,1,3,11,11,4,5,7,6,8,14,51,49,0.0,0.0,2.25,25,63,50,38,0,25,63,8.5,6.0,0.0,0.0,0.0,0.0,0.0,0.0,0.0,0.0,0.0,Anzhi-Arena
80,1477062000,Oct 21 2016 - 3:00pm,complete,4678,Krylya Sovetov,Arsenal Tula,,1.0,0.4,1.07,0.2,1,1,2,2,1,1,36,44,4,4,2,1,1,0,1,2,0,1,11,12,7,9,4,3,11,16,50,50,0.0,0.0,2.13,58,68,35,10,0,35,78,10.0,3.25,0.0,0.0,0.0,0.0,0.0,0.0,0.0,0.0,0.0,Stadion Metallurg (Samara)
81,1477126800,Oct 22 2016 - 9:00am,complete,2100,Tom' Tomsk,Anzhi Makhachkala,,1.75,1.4,0.73,1.0,0,3,3,0,0,0,,"66,77,82",9,2,2,0,2,0,1,1,1,1,5,5,3,3,2,2,16,15,51,49,0.0,0.0,1.53,33,43,20,0,0,33,78,9.45,5.2,0.0,0.0,0.0,0.0,0.0,0.0,0.0,0.0,0.0,Stadion Trud (Tomsk)
82,1477135800,Oct 22 2016 - 11:30am,complete,7200,Ufa,Rostov,,0.75,0.0,1.47,0.73,0,0,0,0,0,0,,,6,4,3,0,1,0,2,1,0,1,10,2,7,0,3,2,13,11,54,46,0.0,0.0,2.25,63,63,50,25,13,25,38,9.25,6.25,0.0,0.0,0.0,0.0,0.0,0.0,0.0,0.0,0.0,Stadion Neftyanik (Ufa)
83,1477144800,Oct 22 2016 - 2:00pm,complete,8600,Ural,Spartak Moskva,,0.8,1.75,1.33,1.8,0,1,1,0,0,0,,48,10,4,2,0,1,0,0,2,0,1,11,6,4,0,7,6,13,7,52,48,0.0,0.0,2.55,48,80,25,25,13,48,80,9.6,4.55,0.0,0.0,0.0,0.0,0.0,0.0,0.0,0.0,0.0,SKB-Bank Arena (Ekaterinburg)
84,1477153800,Oct 22 2016 - 4:30pm,complete,12300,Akhmat Grozny,Rubin Kazan,,2.0,0.25,1.73,1.07,3,1,4,2,1,1,"18,71,90'3",34,2,1,5,0,1,2,0,5,0,3,8,7,2,3,6,4,20,15,45,55,0.0,0.0,2.43,65,65,43,23,13,30,90,7.15,4.25,0.0,0.0,0.0,0.0,0.0,0.0,0.0,0.0,0.0,Akhmat Arena
85,1477229400,Oct 23 2016 - 1:30pm,complete,17130,Lokomotiv Moskva,CSKA Moskva,,0.75,2.0,1.27,2.0,1,0,1,0,0,0,65,,2,7,2,0,1,0,0,2,0,1,6,8,2,4,4,4,11,16,44,56,0.0,0.0,1.59,40,47,20,13,0,27,40,13.04,2.04,0.0,0.0,0.0,0.0,0.0,0.0,0.0,0.0,0.0,Stadion Lokomotiv
86,1477238400,Oct 23 2016 - 4:00pm,complete,14900,Krasnodar,Amkar Perm,,2.4,1.2,2.0,0.67,1,0,1,1,1,0,45'2,,9,3,0,0,1,0,0,0,0,1,13,6,8,3,5,3,15,12,60,40,0.0,0.0,2.3,40,70,60,20,0,20,70,7.8,3.6,0.0,0.0,0.0,0.0,0.0,0.0,0.0,0.0,0.0,Stadion FK Krasnodar
87,1477326600,Oct 24 2016 - 4:30pm,complete,17685,Zenit,Orenburg,,2.33,0.33,2.4,0.47,1,0,1,1,1,0,17,,7,2,2,0,2,0,0,2,1,1,12,6,5,3,7,3,14,15,58,42,0.0,0.0,2.42,50,58,50,25,25,34,58,10.0,5.66,0.0,0.0,0.0,0.0,0.0,0.0,0.0,0.0,0.0,Stadion Petrovskiy
88,1477744200,Oct 29 2016 - 12:30pm,complete,5150,Amkar Perm,Rostov,,2.2,0.2,1.67,0.73,1,0,1,1,1,0,44,,2,0,2,0,3,0,0,2,1,2,9,10,3,3,6,7,20,10,56,44,0.0,0.0,1.6,30,40,30,10,10,20,40,6.4,4.8,0.0,0.0,0.0,0.0,0.0,0.0,0.0,0.0,0.0,Stadion Zvezda
89,1477753200,Oct 29 2016 - 3:00pm,complete,44884,Spartak Moskva,CSKA Moskva,,2.5,1.75,2.8,2.0,3,1,4,1,1,0,"19,76,89",82,2,6,0,0,0,0,0,0,0,0,7,8,2,4,5,4,12,10,57,43,0.0,0.0,1.53,13,36,15,9,0,21,46,9.67,2.75,0.0,0.0,0.0,0.0,0.0,0.0,0.0,0.0,0.0,Otkrytiye Arena
90,1477818000,Oct 30 2016 - 9:00am,complete,3050,Ural,Akhmat Grozny,,0.67,1.0,1.33,1.47,1,4,5,2,1,1,11,"43,56,59,90'1",6,6,0,0,1,0,0,0,0,1,7,12,2,6,5,6,14,9,51,49,0.0,0.0,1.85,19,55,30,20,0,19,45,9.07,3.6,0.0,0.0,0.0,0.0,0.0,0.0,0.0,0.0,0.0,SKB-Bank Arena (Ekaterinburg)
91,1477827000,Oct 30 2016 - 11:30am,complete,7050,Arsenal Tula,Ufa,,1.2,1.5,1.67,1.4,0,2,2,1,0,1,,"45'1,80",7,3,2,0,4,0,0,2,2,2,13,4,5,2,8,2,13,17,57,43,0.0,0.0,1.19,0,19,10,10,10,19,54,7.1,4.43,0.0,0.0,0.0,0.0,0.0,0.0,0.0,0.0,0.0,Stadion Arsenal
92,1477836000,Oct 30 2016 - 2:00pm,complete,17000,Zenit,Tom' Tomsk,,2.43,0.17,2.4,0.2,1,0,1,1,1,0,26,,6,4,3,0,4,0,0,3,1,3,10,7,7,3,3,4,20,22,56,44,0.0,0.0,3.07,54,77,70,38,22,54,85,10.03,4.79,0.0,0.0,0.0,0.0,0.0,0.0,0.0,0.0,0.0,Stadion Petrovskiy
93,1477845000,Oct 30 2016 - 4:30pm,complete,7203,Anzhi Makhachkala,Krasnodar,,1.2,0.8,1.0,1.27,0,0,0,0,0,0,,,6,3,2,0,4,1,0,2,2,3,9,7,5,3,4,4,8,19,55,45,0.0,0.0,1.3,30,50,10,10,0,20,60,10.4,4.0,0.0,0.0,0.0,0.0,0.0,0.0,0.0,0.0,0.0,Anzhi-Arena
94,1477922400,Oct 31 2016 - 2:00pm,complete,3750,Orenburg,Krylya Sovetov,,0.86,0.33,1.53,0.8,1,0,1,0,0,0,62,,8,4,2,0,2,0,0,2,2,0,8,6,4,4,4,2,17,12,56,44,0.0,0.0,1.52,30,38,31,15,0,15,38,7.33,4.54,0.0,0.0,0.0,0.0,0.0,0.0,0.0,0.0,0.0,Stadion Gazovik
95,1477931400,Oct 31 2016 - 4:30pm,complete,8026,Rubin Kazan,Lokomotiv Moskva,,1.83,1.0,1.47,1.53,2,0,2,0,0,0,"69,77",,2,3,1,0,2,0,0,1,1,1,4,12,2,6,2,6,10,20,48,52,0.0,0.0,1.84,50,58,42,9,0,25,75,9.5,4.0,0.0,0.0,0.0,0.0,0.0,0.0,0.0,0.0,0.0,Kazan' Arena
96,1478332800,Nov 05 2016 - 8:00am,complete,5400,Tom' Tomsk,Spartak Moskva,,1.4,2.0,0.73,1.8,0,1,1,1,0,1,,42,4,9,2,0,1,0,0,2,0,1,9,9,4,7,5,2,24,17,39,61,0.0,0.0,2.3,40,60,30,20,10,40,70,12.4,5.2,0.0,0.0,0.0,0.0,0.0,0.0,0.0,0.0,0.0,Stadion Trud (Tomsk)
97,1478341800,Nov 05 2016 - 10:30am,complete,6900,Ufa,Rubin Kazan,,0.8,0.2,1.47,1.07,2,3,5,3,1,2,"45'2,49","18,28,51",4,4,2,2,3,0,1,3,0,3,2,6,2,2,0,4,25,15,43,57,0.0,0.0,1.9,50,50,30,30,10,10,50,9.0,4.8,0.0,0.0,0.0,0.0,0.0,0.0,0.0,0.0,0.0,Stadion Neftyanik (Ufa)
98,1478350800,Nov 05 2016 - 1:00pm,complete,3447,Krylya Sovetov,Ural,,1.0,1.0,1.07,0.67,2,2,4,2,1,1,"45'2,65","22,73",7,2,2,0,4,0,1,1,2,2,13,5,10,3,3,2,17,17,47,53,0.0,0.0,1.9,60,60,30,10,0,40,60,9.2,3.6,0.0,0.0,0.0,0.0,0.0,0.0,0.0,0.0,0.0,Stadion Metallurg (Samara)
99,1478359800,Nov 05 2016 - 3:30pm,complete,8014,Lokomotiv Moskva,Anzhi Makhachkala,,1.2,1.67,1.27,1.0,4,0,4,2,2,0,"3,4,50,59",,3,3,0,0,0,0,0,0,0,0,6,6,3,0,3,6,8,8,49,51,0.0,0.0,1.8,37,54,35,10,0,27,54,9.6,4.0,0.0,0.0,0.0,0.0,0.0,0.0,0.0,0.0,0.0,Stadion Lokomotiv
100,1478440800,Nov 06 2016 - 2:00pm,complete,8400,Rostov,Arsenal Tula,,2.67,0.5,2.47,0.2,4,1,5,3,2,1,"26,36,85,90",8,1,3,1,0,1,0,0,1,0,1,9,6,8,4,1,2,10,12,48,52,0.0,0.0,1.84,34,59,25,9,0,25,67,8.33,4.0,0.0,0.0,0.0,0.0,0.0,0.0,0.0,0.0,0.0,Stadion Olimp 2 (Rostov-na-Donu)
101,1478440800,Nov 06 2016 - 2:00pm,complete,16708,Akhmat Grozny,Zenit,,2.17,2.0,1.73,1.67,2,1,3,3,2,1,"34,38",10,2,5,3,0,3,1,1,2,0,4,8,9,3,5,5,4,17,18,37,63,0.0,0.0,2.79,54,79,59,42,13,59,79,8.5,4.25,0.0,0.0,0.0,0.0,0.0,0.0,0.0,0.0,0.0,Akhmat Arena
102,1478448000,Nov 06 2016 - 4:00pm,complete,7200,CSKA Moskva,Amkar Perm,,2.33,1.0,2.13,0.67,2,2,4,4,2,2,"18,45'1","24,27",4,3,2,0,3,1,0,2,0,4,5,0,3,0,2,0,7,12,57,43,0.0,0.0,1.84,33,59,33,9,0,50,75,6.5,4.0,0.0,0.0,0.0,0.0,0.0,0.0,0.0,0.0,0.0,VEB Arena
103,1478449800,Nov 06 2016 - 4:30pm,complete,22415,Krasnodar,Orenburg,,2.5,0.25,2.0,0.47,3,3,6,5,2,3,"9,11,75","16,21,31",5,4,1,1,4,1,2,0,1,4,10,6,6,2,4,4,21,15,57,43,0.0,0.0,1.88,29,46,46,9,0,0,75,9.42,4.17,0.0,0.0,0.0,0.0,0.0,0.0,0.0,0.0,0.0,Stadion FK Krasnodar
104,1479484800,Nov 18 2016 - 4:00pm,complete,16100,Arsenal Tula,CSKA Moskva,,1.0,1.56,1.67,2.0,0,1,1,1,0,1,,20,2,3,2,0,1,0,0,2,0,1,6,9,3,0,3,9,15,14,36,64,0.0,0.0,1.5,17,39,20,14,9,20,42,9.73,2.78,0.0,0.0,0.0,0.0,0.0,0.0,0.0,0.0,0.0,Stadion Arsenal
105,1479486600,Nov 18 2016 - 4:30pm,complete,18971,Rubin Kazan,Rostov,,2.0,0.17,1.47,0.73,0,0,0,0,0,0,,,1,3,1,0,2,0,0,1,1,1,11,9,4,4,7,5,17,15,45,55,0.0,0.0,2.3,54,68,54,16,9,31,69,6.76,4.93,0.0,0.0,0.0,0.0,0.0,0.0,0.0,0.0,0.0,Kazan' Arena
106,1479555000,Nov 19 2016 - 11:30am,complete,5622,Orenburg,Lokomotiv Moskva,,1.13,0.86,1.53,1.53,1,1,2,1,0,1,59,25,1,4,1,0,2,0,0,1,0,2,5,5,5,0,0,5,12,13,49,51,0.0,0.0,1.46,34,41,20,13,0,20,48,8.93,5.06,0.0,0.0,0.0,0.0,0.0,0.0,0.0,0.0,0.0,Stadion Gazovik
107,1479564000,Nov 19 2016 - 2:00pm,complete,3700,Anzhi Makhachkala,Ufa,,1.17,1.71,1.0,1.4,0,1,1,0,0,0,,63,3,6,1,0,3,0,0,1,0,3,10,6,6,3,4,3,12,15,55,45,0.0,0.0,1.23,9,31,9,9,0,16,61,8.26,6.0,0.0,0.0,0.0,0.0,0.0,0.0,0.0,0.0,0.0,Anzhi-Arena
108,1479641400,Nov 20 2016 - 11:30am,complete,17304,Krasnodar,Ural,,2.29,1.0,2.0,0.67,3,0,3,0,0,0,"66,71,74",,5,0,0,0,2,0,0,0,1,1,7,3,0,0,7,3,12,15,59,41,0.0,0.0,2.5,47,61,52,31,7,24,75,8.9,3.6,0.0,0.0,0.0,0.0,0.0,0.0,0.0,0.0,0.0,Stadion FK Krasnodar
109,1479650400,Nov 20 2016 - 2:00pm,complete,27446,Spartak Moskva,Amkar Perm,,2.57,1.0,2.8,0.67,1,0,1,0,0,0,90'1,,5,0,2,0,5,0,0,2,0,5,15,3,4,2,11,1,12,20,65,35,0.0,0.0,2.0,29,50,36,29,0,29,64,6.72,3.58,0.0,0.0,0.0,0.0,0.0,0.0,0.0,0.0,0.0,Otkrytiye Arena
110,1479659400,Nov 20 2016 - 4:30pm,complete,16930,Zenit,Krylya Sovetov,,2.5,0.29,2.4,0.8,3,1,4,3,2,1,"10,36,89",4,7,5,1,0,3,0,0,1,1,2,10,13,5,6,5,7,9,11,60,40,0.0,0.0,2.09,32,46,40,19,19,25,59,9.31,4.24,0.0,0.0,0.0,0.0,0.0,0.0,0.0,0.0,0.0,Stadion Petrovskiy
111,1479744000,Nov 21 2016 - 4:00pm,complete,11200,Akhmat Grozny,Tom' Tomsk,,2.29,0.14,1.73,0.2,0,0,0,0,0,0,,,8,2,0,0,4,0,0,0,2,2,10,4,6,2,4,2,16,28,68,32,0.0,0.0,2.79,65,79,71,29,0,57,86,7.85,5.28,0.0,0.0,0.0,0.0,0.0,0.0,0.0,0.0,0.0,Akhmat Arena
112,1480082400,Nov 25 2016 - 2:00pm,complete,5350,Ufa,Orenburg,,0.67,0.4,1.47,0.47,1,0,1,1,1,0,39,,4,2,3,0,3,0,2,1,2,1,10,6,4,4,6,2,14,23,57,43,0.0,0.0,2.02,45,45,37,27,19,19,39,9.97,6.27,0.0,0.0,0.0,0.0,0.0,0.0,0.0,0.0,0.0,Stadion Neftyanik (Ufa)
113,1480149000,Nov 26 2016 - 8:30am,complete,4150,Amkar Perm,Arsenal Tula,,2.33,0.43,1.67,0.2,1,0,1,1,1,0,7,,8,5,0,0,3,0,0,0,0,3,10,4,6,2,4,2,8,15,52,48,0.0,0.0,1.63,29,44,15,15,7,22,60,7.19,3.04,0.0,0.0,0.0,0.0,0.0,0.0,0.0,0.0,0.0,Stadion Zvezda
114,1480158000,Nov 26 2016 - 11:00am,complete,8900,CSKA Moskva,Rubin Kazan,,2.0,0.67,2.13,1.07,0,0,0,0,0,0,,,4,1,2,0,3,0,0,2,1,2,9,13,6,7,3,6,12,11,47,53,0.0,0.0,2.75,59,71,50,38,17,54,100,6.42,4.67,0.0,0.0,0.0,0.0,0.0,0.0,0.0,0.0,0.0,VEB Arena
115,1480168800,Nov 26 2016 - 2:00pm,complete,6114,Lokomotiv Moskva,Ural,,1.5,0.86,1.27,0.67,1,1,2,0,0,0,85,90'2,6,2,2,0,2,0,1,1,2,0,12,2,4,2,8,0,13,17,69,31,0.0,0.0,2.07,38,54,38,31,0,31,47,8.86,2.97,0.0,0.0,0.0,0.0,0.0,0.0,0.0,0.0,0.0,Stadion Lokomotiv
116,1480172400,Nov 26 2016 - 3:00pm,complete,15232,Akhmat Grozny,Spartak Moskva,,2.13,2.17,1.73,1.8,0,1,1,1,0,1,,27,4,3,2,0,1,0,0,2,1,0,15,8,8,5,7,3,15,23,53,47,0.0,0.0,2.59,63,71,48,29,9,57,79,10.42,5.08,0.0,0.0,0.0,0.0,0.0,0.0,0.0,0.0,0.0,Akhmat Arena
117,1480244400,Nov 27 2016 - 11:00am,complete,2036,Krylya Sovetov,Tom' Tomsk,,1.0,0.25,1.07,0.2,3,0,3,1,1,0,"10,69,78",,8,3,1,0,1,1,0,1,2,0,14,5,6,3,8,2,13,13,59,41,0.0,0.0,2.44,61,73,57,21,0,53,79,9.71,4.71,0.0,0.0,0.0,0.0,0.0,0.0,0.0,0.0,0.0,Stadion Metallurg (Samara)
118,1480253400,Nov 27 2016 - 1:30pm,complete,9194,Rostov,Anzhi Makhachkala,,2.71,1.43,2.47,1.0,2,0,2,1,1,0,"41,79",,8,9,1,1,2,0,1,1,1,1,13,11,7,4,6,7,6,19,55,45,0.0,0.0,2.22,29,64,50,14,7,36,64,6.86,4.57,0.0,0.0,0.0,0.0,0.0,0.0,0.0,0.0,0.0,Stadion Olimp 2 (Rostov-na-Donu)
119,1480262400,Nov 27 2016 - 4:00pm,complete,31854,Krasnodar,Zenit,,2.38,1.6,2.0,1.67,2,1,3,0,0,0,"90'2,90'4",86,6,3,4,0,3,0,0,4,1,2,8,4,4,3,4,1,21,14,56,44,0.0,0.0,2.9,39,78,68,33,17,37,84,10.1,3.45,0.0,0.0,0.0,0.0,0.0,0.0,0.0,0.0,0.0,Stadion FK Krasnodar
120,1480514400,Nov 30 2016 - 2:00pm,complete,2340,Ural,Rostov,,0.57,0.29,1.33,0.73,1,0,1,1,1,0,38,,3,2,1,0,2,0,1,0,1,1,7,8,3,7,4,1,17,17,50,50,0.0,0.0,1.93,36,50,29,14,14,29,57,7.29,4.15,0.0,0.0,0.0,0.0,0.0,0.0,0.0,0.0,0.0,SKB-Bank Arena (Ekaterinburg)
121,1480521600,Nov 30 2016 - 4:00pm,complete,3289,Rubin Kazan,Arsenal Tula,,1.88,0.38,1.47,0.2,1,0,1,0,0,0,62,,7,4,1,0,1,0,0,1,1,0,8,9,4,5,4,4,15,22,52,48,0.0,0.0,2.19,50,69,38,19,7,32,76,8.0,3.26,0.0,0.0,0.0,0.0,0.0,0.0,0.0,0.0,0.0,Kazan' Arena
122,1480523400,Nov 30 2016 - 4:30pm,complete,5000,CSKA Moskva,Orenburg,,1.8,0.33,2.13,0.47,2,0,2,1,1,0,"26,79",,4,1,2,0,2,1,0,2,1,2,8,10,5,7,3,3,15,19,57,43,0.0,0.0,2.0,37,47,37,19,9,39,74,7.3,5.5,0.0,0.0,0.0,0.0,0.0,0.0,0.0,0.0,0.0,VEB Arena
123,1480523400,Nov 30 2016 - 4:30pm,complete,15813,Zenit,Ufa,,2.56,1.88,2.4,1.4,2,0,2,0,0,0,"84,90'3",,7,9,1,0,1,0,1,0,0,1,12,11,5,9,7,2,11,12,64,36,0.0,0.0,2.13,28,46,28,22,17,35,76,9.75,5.22,0.0,0.0,0.0,0.0,0.0,0.0,0.0,0.0,0.0,Stadion Petrovskiy
124,1480604400,Dec 01 2016 - 3:00pm,complete,7370,Krylya Sovetov,Spartak Moskva,,1.29,2.29,1.07,1.8,4,0,4,2,2,0,"17,45'2,59,70",,2,2,1,0,2,0,0,1,1,1,5,13,2,6,3,7,13,10,45,55,0.0,0.0,2.5,57,72,43,22,7,50,86,11.85,4.28,0.0,0.0,0.0,0.0,0.0,0.0,0.0,0.0,0.0,Stadion Metallurg (Samara)
125,1480604400,Dec 01 2016 - 3:00pm,complete,15235,Akhmat Grozny,Krasnodar,,1.89,0.83,1.73,1.27,2,1,3,2,2,0,"25,33",72,5,2,0,0,3,0,0,0,2,1,10,6,6,4,4,2,15,13,51,49,0.0,0.0,1.67,50,59,28,11,0,37,64,9.55,3.72,0.0,0.0,0.0,0.0,0.0,0.0,0.0,0.0,0.0,Akhmat Arena
126,1480609800,Dec 01 2016 - 4:30pm,complete,5218,Tom' Tomsk,Lokomotiv Moskva,,1.17,0.88,0.73,1.53,1,6,7,0,0,0,48,"51,67,71,76,79,82",3,7,2,1,1,0,1,2,1,0,7,13,3,6,4,7,13,21,42,58,0.0,0.0,1.44,28,42,15,0,0,15,65,10.71,4.38,0.0,0.0,0.0,0.0,0.0,0.0,0.0,0.0,0.0,Stadion Lokomotiv
127,1480613400,Dec 01 2016 - 5:30pm,complete,2100,Anzhi Makhachkala,Amkar Perm,,1.0,0.88,1.0,0.67,3,1,4,2,1,1,"43,49,65",25,4,3,2,0,2,0,0,2,0,2,8,6,4,4,4,2,13,16,48,52,0.0,0.0,1.51,26,40,26,20,0,26,47,7.07,5.34,0.0,0.0,0.0,0.0,0.0,0.0,0.0,0.0,0.0,Anzhi-Arena
128,1480762800,Dec 03 2016 - 11:00am,complete,7000,CSKA Moskva,Ural,,2.0,0.88,2.13,0.67,4,0,4,4,4,0,"25,35,38,40",,6,5,0,0,2,0,0,0,1,1,8,9,6,6,2,3,11,9,55,45,0.0,0.0,2.07,42,65,36,21,0,38,61,6.58,4.13,0.0,0.0,0.0,0.0,0.0,0.0,0.0,0.0,0.0,VEB Arena
129,1480780800,Dec 03 2016 - 4:00pm,complete,9110,Rostov,Zenit,,2.75,1.33,2.47,1.67,0,0,0,0,0,0,,,3,6,2,0,3,0,0,2,2,1,6,8,5,4,1,4,17,15,46,54,0.0,0.0,2.48,38,73,53,23,15,38,65,8.71,4.46,0.0,0.0,0.0,0.0,0.0,0.0,0.0,0.0,0.0,Stadion Olimp 2 (Rostov-na-Donu)
130,1480856400,Dec 04 2016 - 1:00pm,complete,6282,Lokomotiv Moskva,Akhmat Grozny,,1.43,1.33,1.27,1.47,2,0,2,1,1,0,"23,75",,3,4,1,0,1,0,0,1,0,1,4,10,3,5,1,5,15,15,52,48,0.0,0.0,2.34,38,62,48,40,9,31,47,10.67,3.33,0.0,0.0,0.0,0.0,0.0,0.0,0.0,0.0,0.0,Stadion Lokomotiv
131,1480932000,Dec 05 2016 - 10:00am,complete,3152,Ufa,Tom' Tomsk,,1.0,0.22,1.47,0.2,1,0,1,0,0,0,64,,5,3,2,0,4,1,1,1,2,3,10,7,3,5,7,2,14,23,60,40,0.0,0.0,2.08,38,55,48,26,7,24,54,9.64,5.6,0.0,0.0,0.0,0.0,0.0,0.0,0.0,0.0,0.0,Stadion Neftyanik (Ufa)
132,1480935600,Dec 05 2016 - 11:00am,complete,4250,Amkar Perm,Orenburg,,2.43,0.29,1.67,0.47,3,0,3,2,2,0,"21,35,90'3",,2,4,4,0,2,0,2,2,1,1,3,6,3,3,0,3,25,15,40,60,0.0,0.0,1.43,15,29,15,7,7,7,57,7.14,4.57,0.0,0.0,0.0,0.0,0.0,0.0,0.0,0.0,0.0,Stadion Zvezda
133,1480953600,Dec 05 2016 - 4:00pm,complete,12176,Krasnodar,Krylya Sovetov,,2.44,0.25,2.0,0.8,1,1,2,0,0,0,48,71,7,5,1,0,3,0,1,0,0,3,16,7,8,5,8,2,17,13,54,46,0.0,0.0,2.32,35,58,58,18,6,12,58,9.19,3.56,0.0,0.0,0.0,0.0,0.0,0.0,0.0,0.0,0.0,Stadion FK Krasnodar
134,1480955400,Dec 05 2016 - 4:30pm,complete,20512,Spartak Moskva,Rubin Kazan,,2.63,0.71,2.8,1.07,2,1,3,2,1,1,"43,74",38,6,5,4,1,3,1,1,4,1,3,8,6,4,2,4,4,19,15,58,42,0.0,0.0,2.23,35,48,34,34,15,21,75,6.43,4.09,0.0,0.0,0.0,0.0,0.0,0.0,0.0,0.0,0.0,Otkrytiye Arena
135,1480955400,Dec 05 2016 - 4:30pm,complete,4597,Arsenal Tula,Anzhi Makhachkala,,0.86,1.25,1.67,1.0,1,0,1,0,0,0,70,,-1,-1,2,0,2,0,1,1,2,0,-2,-2,-1,-1,-1,-1,-1,-1,47,53,0.0,0.0,1.77,13,52,32,14,7,26,66,7.61,4.21,0.0,0.0,0.0,0.0,0.0,0.0,0.0,0.0,0.0,Stadion Arsenal
136,1488556800,Mar 03 2017 - 4:00pm,complete,8283,Tom' Tomsk,Rostov,,1.0,0.25,0.73,0.73,0,6,6,2,0,2,,"19,45'1,69,78,80,90'1",1,8,1,0,1,0,1,0,1,0,4,11,3,6,1,5,12,12,37,63,0.0,0.0,2.02,34,41,34,14,14,20,60,8.24,5.27,0.0,0.0,0.0,0.0,0.0,0.0,0.0,0.0,0.0,Stadion Olimp 2 (Rostov-na-Donu)
137,1488625200,Mar 04 2017 - 11:00am,complete,4232,Orenburg,Arsenal Tula,,1.11,0.33,1.53,0.2,3,0,3,2,2,0,"3,21,50",,5,6,2,0,2,0,1,1,1,1,4,13,3,4,1,9,17,10,36,64,0.0,0.0,1.89,44,50,22,22,6,28,61,8.11,4.22,0.0,0.0,0.0,0.0,0.0,0.0,0.0,0.0,0.0,Stadion Gazovik
138,1488634200,Mar 04 2017 - 1:30pm,complete,26800,CSKA Moskva,Zenit,,2.14,1.29,2.13,1.67,0,0,0,0,0,0,,,2,2,3,1,2,0,2,2,0,2,7,8,0,2,7,6,20,12,40,60,0.0,0.0,2.36,36,71,50,29,7,50,72,8.71,4.14,0.0,0.0,0.0,0.0,0.0,0.0,0.0,0.0,0.0,VEB Arena
139,1488702600,Mar 05 2017 - 8:30am,complete,4570,Ural,Amkar Perm,,0.88,0.78,1.33,0.67,1,0,1,1,1,0,32,,2,4,2,0,2,0,1,1,2,0,6,6,4,4,2,2,17,13,45,55,0.0,0.0,2.0,35,53,29,23,7,35,60,7.19,3.44,0.0,0.0,0.0,0.0,0.0,0.0,0.0,0.0,0.0,SKB-Bank Arena (Ekaterinburg)
140,1488711600,Mar 05 2017 - 11:00am,complete,1055,Krylya Sovetov,Lokomotiv Moskva,,1.5,1.11,1.07,1.53,0,3,3,0,0,0,,"60,68,88",4,3,0,0,0,0,0,0,0,0,7,14,3,3,4,11,11,10,45,55,0.0,0.0,2.38,54,72,43,18,6,37,72,10.3,3.85,0.0,0.0,0.0,0.0,0.0,0.0,0.0,0.0,0.0,Stadion Neftyanik (Ufa)
141,1488720600,Mar 05 2017 - 1:30pm,complete,31250,Krasnodar,Spartak Moskva,,2.3,2.0,2.0,1.8,2,2,4,2,1,1,"15,73","3,54",5,4,1,0,3,0,0,1,1,2,7,8,3,4,4,4,10,12,55,45,0.0,0.0,2.77,44,72,54,29,12,30,79,10.95,4.0,0.0,0.0,0.0,0.0,0.0,0.0,0.0,0.0,0.0,Stadion FK Krasnodar
142,1488729600,Mar 05 2017 - 4:00pm,complete,17753,Akhmat Grozny,Ufa,,2.0,1.67,1.73,1.4,0,1,1,0,0,0,,79,6,3,0,0,2,0,0,0,2,0,11,7,7,3,4,4,13,13,63,37,0.0,0.0,1.87,35,52,30,10,0,36,68,8.63,4.78,0.0,0.0,0.0,0.0,0.0,0.0,0.0,0.0,0.0,Akhmat Arena
143,1488817800,Mar 06 2017 - 4:30pm,complete,4950,Anzhi Makhachkala,Rubin Kazan,,1.25,0.63,1.0,1.07,0,1,1,0,0,0,,81,11,2,1,1,2,0,1,1,2,0,14,5,7,3,7,2,19,10,47,53,0.0,0.0,2.07,44,51,38,32,13,32,69,7.25,5.51,0.0,0.0,0.0,0.0,0.0,0.0,0.0,0.0,0.0,Anzhi-Arena
144,1489161600,Mar 10 2017 - 4:00pm,complete,10200,Arsenal Tula,Ural,,1.13,0.78,1.67,0.67,2,0,2,1,1,0,"19,62",,5,6,3,0,2,1,1,2,0,3,10,8,3,4,7,4,15,13,49,51,0.0,0.0,1.79,22,46,29,23,7,23,47,6.86,3.86,0.0,0.0,0.0,0.0,0.0,0.0,0.0,0.0,0.0,Stadion Arsenal
145,1489221000,Mar 11 2017 - 8:30am,complete,6200,Ufa,Krylya Sovetov,,1.25,0.33,1.47,0.8,1,0,1,1,1,0,6,,6,5,0,0,1,0,0,0,0,1,7,12,5,8,2,4,15,9,44,56,0.0,0.0,1.65,36,41,29,18,7,12,29,9.53,4.74,0.0,0.0,0.0,0.0,0.0,0.0,0.0,0.0,0.0,Stadion Neftyanik (Ufa)
146,1489230000,Mar 11 2017 - 11:00am,complete,11000,CSKA Moskva,Tom' Tomsk,,2.0,0.2,2.13,0.2,4,0,4,3,3,0,"1,19,44,61",,6,4,0,0,1,0,0,0,1,0,4,4,3,3,1,1,12,13,63,37,0.0,0.0,2.15,28,62,49,23,0,40,73,7.58,5.2,0.0,0.0,0.0,0.0,0.0,0.0,0.0,0.0,0.0,VEB Arena
147,1489239000,Mar 11 2017 - 1:30pm,complete,3459,Rubin Kazan,Orenburg,,2.0,0.25,1.47,0.47,0,0,0,0,0,0,,,6,1,3,0,3,0,2,1,0,3,10,7,7,2,3,5,10,15,67,33,0.0,0.0,2.07,35,59,41,12,7,24,66,7.58,4.58,0.0,0.0,0.0,0.0,0.0,0.0,0.0,0.0,0.0,Central'nyj stadion Kazan' (Kazan')
148,1489307400,Mar 12 2017 - 8:30am,complete,12200,Amkar Perm,Zenit,,2.5,1.25,1.67,1.67,1,0,1,1,1,0,33,,2,15,5,0,2,0,3,2,0,2,5,13,4,6,1,7,16,6,28,72,0.0,0.0,1.63,19,44,32,13,7,26,50,8.0,3.88,0.0,0.0,0.0,0.0,0.0,0.0,0.0,0.0,0.0,Stadion Zvezda
149,1489325400,Mar 12 2017 - 1:30pm,complete,34456,Spartak Moskva,Anzhi Makhachkala,,2.67,1.11,2.8,1.0,1,0,1,0,0,0,67,,11,5,0,0,4,0,0,0,2,2,16,8,6,3,10,5,14,12,66,34,0.0,0.0,2.06,22,56,39,17,0,28,67,7.97,4.22,0.0,0.0,0.0,0.0,0.0,0.0,0.0,0.0,0.0,Otkrytiye Arena
150,1489334400,Mar 12 2017 - 4:00pm,complete,9734,Rostov,Akhmat Grozny,,2.56,1.14,2.47,1.47,0,0,0,0,0,0,,,7,3,3,0,1,0,2,1,0,1,10,2,6,0,4,2,13,15,62,38,0.0,0.0,2.23,26,64,45,27,13,26,57,8.79,4.25,0.0,0.0,0.0,0.0,0.0,0.0,0.0,0.0,0.0,Stadion Olimp 2 (Rostov-na-Donu)
151,1489422600,Mar 13 2017 - 4:30pm,complete,9494,Lokomotiv Moskva,Krasnodar,,1.63,0.71,1.27,1.27,1,2,3,1,1,0,36,"56,64",3,2,0,0,1,0,0,0,0,1,12,5,3,4,9,1,10,19,48,52,0.0,0.0,1.65,41,60,20,13,0,27,54,10.49,2.71,0.0,0.0,0.0,0.0,0.0,0.0,0.0,0.0,0.0,Stadion Lokomotiv
152,1489766400,Mar 17 2017 - 4:00pm,complete,7100,Anzhi Makhachkala,Orenburg,,1.11,0.33,1.0,0.47,1,0,1,0,0,0,79,,3,7,2,0,1,0,1,1,0,1,10,9,0,3,10,6,16,18,57,43,0.0,0.0,1.67,22,39,28,17,6,22,56,8.22,5.78,0.0,0.0,0.0,0.0,0.0,0.0,0.0,0.0,0.0,Anzhi-Arena
153,1489825800,Mar 18 2017 - 8:30am,complete,2600,Tom' Tomsk,Amkar Perm,,0.88,0.7,0.73,0.67,1,0,1,1,1,0,24,,2,9,3,0,5,0,2,1,0,5,4,7,3,2,1,5,19,11,39,61,0.0,0.0,2.38,33,50,39,28,13,33,62,7.95,4.5,0.0,0.0,0.0,0.0,0.0,0.0,0.0,0.0,0.0,Stadion Trud (Tomsk)
154,1489834800,Mar 18 2017 - 11:00am,complete,4813,Ural,Rubin Kazan,,1.11,0.89,1.33,1.07,1,0,1,1,1,0,11,,7,9,2,0,1,0,0,2,0,1,12,22,8,12,4,10,20,13,46,54,0.0,0.0,2.11,39,50,28,22,17,28,73,7.0,3.78,0.0,0.0,0.0,0.0,0.0,0.0,0.0,0.0,0.0,SKB-Bank Arena (Ekaterinburg)
155,1489843800,Mar 18 2017 - 1:30pm,complete,27402,Lokomotiv Moskva,Spartak Moskva,,1.44,1.89,1.27,1.8,1,1,2,1,1,0,41,52,7,4,3,0,2,0,1,2,1,1,7,8,4,6,3,2,15,16,42,58,0.0,0.0,2.45,44,67,39,33,6,39,73,10.44,3.45,0.0,0.0,0.0,0.0,0.0,0.0,0.0,0.0,0.0,Stadion Lokomotiv
156,1489921200,Mar 19 2017 - 11:00am,complete,6572,Krylya Sovetov,Rostov,,1.33,0.56,1.07,0.73,0,0,0,0,0,0,,,3,6,1,0,4,0,0,1,3,1,4,10,3,4,1,6,11,15,58,42,0.0,0.0,2.5,45,67,56,22,11,45,73,8.44,4.33,0.0,0.0,0.0,0.0,0.0,0.0,0.0,0.0,0.0,Stadion Metallurg (Samara)
157,1489930200,Mar 19 2017 - 1:30pm,complete,18656,Akhmat Grozny,CSKA Moskva,,1.82,1.7,1.73,2.0,0,1,1,1,0,1,,28,2,3,1,0,1,0,0,1,0,1,8,12,4,8,4,4,10,20,50,50,0.0,0.0,1.94,47,52,38,14,0,38,57,9.75,2.92,0.0,0.0,0.0,0.0,0.0,0.0,0.0,0.0,0.0,Akhmat Arena
158,1489930200,Mar 19 2017 - 1:30pm,complete,15365,Krasnodar,Ufa,,2.18,1.8,2.0,1.4,0,0,0,0,0,0,,,5,3,0,0,3,0,0,0,2,1,15,5,7,5,8,0,11,17,60,40,0.0,0.0,2.15,28,56,37,14,5,14,62,9.84,4.15,0.0,0.0,0.0,0.0,0.0,0.0,0.0,0.0,0.0,Stadion FK Krasnodar
159,1489941000,Mar 19 2017 - 4:30pm,complete,16903,Zenit,Arsenal Tula,,2.6,0.3,2.4,0.2,2,0,2,0,0,0,"51,53",,11,1,2,0,1,0,1,1,0,1,15,8,3,4,12,4,13,10,64,36,0.0,0.0,2.55,45,65,40,30,20,45,80,10.3,3.9,0.0,0.0,0.0,0.0,0.0,0.0,0.0,0.0,0.0,Stadion Petrovskiy
160,1490977800,Mar 31 2017 - 4:30pm,complete,3950,Anzhi Makhachkala,Ural,,1.3,0.7,1.0,0.67,2,3,5,1,0,1,"49,53","22,57,88",6,7,1,0,4,0,0,1,2,2,13,11,7,5,6,6,11,26,47,53,0.0,0.0,1.85,30,50,30,25,0,25,45,8.3,4.7,0.0,0.0,0.0,0.0,0.0,0.0,0.0,0.0,0.0,Anzhi-Arena
161,1491048000,Apr 01 2017 - 12:00pm,complete,8600,Ufa,Lokomotiv Moskva,,1.44,1.3,1.47,1.53,0,1,1,1,0,1,,37,3,4,0,0,3,0,0,0,1,2,6,9,2,3,4,6,18,15,54,46,0.0,0.0,1.83,37,47,26,16,11,11,42,10.28,4.33,0.0,0.0,0.0,0.0,0.0,0.0,0.0,0.0,0.0,Stadion Neftyanik (Ufa)
162,1491057000,Apr 01 2017 - 2:30pm,complete,10100,Arsenal Tula,Tom' Tomsk,,1.33,0.18,1.67,0.2,3,0,3,1,1,0,"19,74,89",,3,3,3,0,4,0,0,3,2,2,10,0,4,0,6,0,18,15,48,52,0.0,0.0,1.89,14,49,38,19,6,24,65,7.73,4.89,0.0,0.0,0.0,0.0,0.0,0.0,0.0,0.0,0.0,Stadion Arsenal
163,1491129000,Apr 02 2017 - 10:30am,complete,6300,Amkar Perm,Akhmat Grozny,,2.56,1.13,1.67,1.47,1,1,2,2,1,1,9,31,4,5,0,0,2,0,0,0,1,1,6,5,0,2,6,3,16,17,43,57,0.0,0.0,1.68,13,43,31,19,7,18,53,7.94,3.89,0.0,0.0,0.0,0.0,0.0,0.0,0.0,0.0,0.0,Stadion Zvezda
164,1491130800,Apr 02 2017 - 11:00am,complete,10022,Rubin Kazan,Zenit,,1.9,1.11,1.47,1.67,0,2,2,2,0,2,,"36,40",6,5,2,0,4,1,0,2,0,5,13,9,5,6,8,3,11,13,50,50,0.0,0.0,1.9,37,58,42,16,6,27,53,9.94,3.83,0.0,0.0,0.0,0.0,0.0,0.0,0.0,0.0,0.0,Kazan' Arena
165,1491139800,Apr 02 2017 - 1:30pm,complete,14000,CSKA Moskva,Krylya Sovetov,,2.11,0.3,2.13,0.8,2,1,3,1,1,0,"16,48",72,11,4,1,0,0,0,1,0,0,0,12,10,5,4,7,6,6,11,55,45,0.0,0.0,1.91,26,54,37,22,0,33,59,8.01,3.78,0.0,0.0,0.0,0.0,0.0,0.0,0.0,0.0,0.0,VEB Arena
166,1491237000,Apr 03 2017 - 4:30pm,complete,12542,Rostov,Krasnodar,,2.4,1.0,2.47,1.27,0,0,0,0,0,0,,,4,2,0,0,4,0,0,0,1,3,12,7,7,3,5,4,17,13,41,59,0.0,0.0,1.6,35,57,28,5,5,23,57,9.0,3.83,0.0,0.0,0.0,0.0,0.0,0.0,0.0,0.0,0.0,Stadion Olimp 2 (Rostov-na-Donu)
167,1491237000,Apr 03 2017 - 4:30pm,complete,25694,Spartak Moskva,Orenburg,,2.7,0.3,2.8,0.47,3,2,5,1,1,0,"34,58,90'5","70,71",7,3,1,0,0,0,1,0,0,0,12,9,6,4,6,5,12,16,58,42,0.0,0.0,1.85,20,40,30,15,5,20,60,8.3,4.6,0.0,0.0,0.0,0.0,0.0,0.0,0.0,0.0,0.0,Otkrytiye Arena
168,1491649200,Apr 08 2017 - 11:00am,complete,6430,Krylya Sovetov,Amkar Perm,,1.3,0.64,1.07,0.67,2,2,4,4,2,2,"16,32","8,30",2,3,1,1,2,0,0,2,1,1,5,6,4,3,1,3,19,22,61,39,0.0,0.0,2.21,43,63,48,24,0,43,67,8.47,4.13,0.0,0.0,0.0,0.0,0.0,0.0,0.0,0.0,0.0,Stadion Metallurg (Samara)
169,1491658200,Apr 08 2017 - 1:30pm,complete,18735,Akhmat Grozny,Arsenal Tula,,1.67,0.27,1.73,0.2,3,1,4,2,2,0,"5,20,90'1",77,1,2,1,0,2,0,0,1,0,2,12,11,5,4,7,7,12,18,48,52,0.0,0.0,2.18,47,61,39,18,5,43,74,8.16,3.48,0.0,0.0,0.0,0.0,0.0,0.0,0.0,0.0,0.0,Akhmat Arena
170,1491667200,Apr 08 2017 - 4:00pm,complete,17620,Zenit,Anzhi Makhachkala,,2.64,1.0,2.4,1.0,1,1,2,1,0,1,73,21,6,3,1,1,6,0,0,2,2,4,7,12,3,4,4,8,8,26,65,35,0.0,0.0,2.41,33,67,43,23,14,38,67,10.44,4.69,0.0,0.0,0.0,0.0,0.0,0.0,0.0,0.0,0.0,Stadion Petrovskiy
171,1491735600,Apr 09 2017 - 11:00am,complete,12300,Ufa,Spartak Moskva,,1.3,1.8,1.47,1.8,1,3,4,1,0,1,85,"38,56,90'1",3,7,3,0,0,0,1,2,0,0,9,17,2,10,7,7,15,12,48,52,0.0,0.0,2.1,40,50,30,30,10,30,65,10.5,4.6,0.0,0.0,0.0,0.0,0.0,0.0,0.0,0.0,0.0,Stadion Neftyanik (Ufa)
172,1491744600,Apr 09 2017 - 1:30pm,complete,31165,Krasnodar,CSKA Moskva,,2.08,1.82,2.0,2.0,1,1,2,0,0,0,58,76,4,3,1,0,1,0,0,1,0,1,10,12,5,4,5,8,17,10,53,47,0.0,0.0,2.15,39,56,43,17,4,18,56,10.67,2.42,0.0,0.0,0.0,0.0,0.0,0.0,0.0,0.0,0.0,Stadion FK Krasnodar
173,1491753600,Apr 09 2017 - 4:00pm,complete,9619,Lokomotiv Moskva,Rostov,,1.4,0.6,1.27,0.73,0,0,0,0,0,0,,,2,8,1,0,2,0,1,0,1,1,4,10,2,4,2,6,8,8,54,46,0.0,0.0,2.05,40,55,35,20,10,25,60,8.8,4.1,0.0,0.0,0.0,0.0,0.0,0.0,0.0,0.0,0.0,Stadion Lokomotiv
174,1491825600,Apr 10 2017 - 12:00pm,complete,3200,Tom' Tomsk,Rubin Kazan,,1.11,0.8,0.73,1.07,2,2,4,1,1,0,"13,83","47,79",1,8,2,0,1,0,2,0,1,0,0,12,0,4,0,8,21,16,37,63,0.0,0.0,2.43,36,47,37,26,21,26,74,8.19,4.71,0.0,0.0,0.0,0.0,0.0,0.0,0.0,0.0,0.0,Stadion Trud (Tomsk)
175,1491834600,Apr 10 2017 - 2:30pm,complete,3917,Ural,Orenburg,,1.3,0.27,1.33,0.47,2,0,2,1,1,0,"26,90",,2,4,2,0,4,0,1,1,2,2,4,16,2,6,2,10,11,17,40,60,0.0,0.0,1.9,24,43,23,14,14,19,67,7.96,3.83,0.0,0.0,0.0,0.0,0.0,0.0,0.0,0.0,0.0,SKB-Bank Arena (Ekaterinburg)
176,1492246800,Apr 15 2017 - 9:00am,complete,5200,Amkar Perm,Ufa,,2.4,1.73,1.67,1.4,1,1,2,1,0,1,89,35,3,5,0,0,3,0,0,0,1,2,9,5,5,2,4,3,11,11,51,49,0.0,0.0,1.19,5,29,5,0,0,15,53,7.69,4.43,0.0,0.0,0.0,0.0,0.0,0.0,0.0,0.0,0.0,Stadion Zvezda
177,1492255800,Apr 15 2017 - 11:30am,complete,15000,CSKA Moskva,Rostov,,2.2,0.64,2.13,0.73,0,0,0,0,0,0,,,2,0,1,0,2,0,0,1,0,2,20,6,10,3,10,3,8,9,51,49,0.0,0.0,2.06,29,53,43,24,9,39,68,8.53,4.61,0.0,0.0,0.0,0.0,0.0,0.0,0.0,0.0,0.0,VEB Arena
178,1492264800,Apr 15 2017 - 2:00pm,complete,4500,Anzhi Makhachkala,Krylya Sovetov,,1.18,0.27,1.0,0.8,1,3,4,2,0,2,89,"9,23,64",6,2,1,0,1,0,1,0,0,1,21,6,7,3,14,3,14,13,58,42,0.0,0.0,1.73,32,41,32,18,5,14,45,9.0,4.18,0.0,0.0,0.0,0.0,0.0,0.0,0.0,0.0,0.0,Anzhi-Arena
179,1492273800,Apr 15 2017 - 4:30pm,complete,3041,Rubin Kazan,Krasnodar,,1.73,1.0,1.47,1.27,0,1,1,0,0,0,,57,4,6,1,0,0,0,0,1,0,0,12,14,6,8,6,6,9,13,44,56,0.0,0.0,1.58,40,60,29,5,0,25,56,8.86,3.44,0.0,0.0,0.0,0.0,0.0,0.0,0.0,0.0,0.0,Kazan' Arena
180,1492335000,Apr 16 2017 - 9:30am,complete,5123,Orenburg,Akhmat Grozny,,1.3,1.11,1.53,1.47,2,1,3,1,1,0,"27,89",73,9,4,1,0,2,0,1,0,1,1,9,4,4,2,5,2,12,18,52,48,0.0,0.0,2.01,37,59,37,27,6,32,53,8.64,4.4,0.0,0.0,0.0,0.0,0.0,0.0,0.0,0.0,0.0,Stadion Gazovik
181,1492344000,Apr 16 2017 - 12:00pm,complete,3017,Ural,Tom' Tomsk,,1.45,0.17,1.33,0.2,1,0,1,1,1,0,40,,5,3,1,0,2,0,1,0,0,2,8,9,3,2,5,7,13,15,57,43,0.0,0.0,2.12,22,56,38,17,5,26,74,8.03,4.26,0.0,0.0,0.0,0.0,0.0,0.0,0.0,0.0,0.0,SKB-Bank Arena (Ekaterinburg)
182,1492353000,Apr 16 2017 - 2:30pm,complete,12430,Arsenal Tula,Lokomotiv Moskva,,1.5,1.45,1.67,1.53,0,3,3,0,0,0,,"53,74,75",2,2,3,1,3,0,3,1,1,2,4,13,2,6,2,7,23,19,34,66,0.0,0.0,1.75,18,48,24,10,10,10,58,8.34,4.09,0.0,0.0,0.0,0.0,0.0,0.0,0.0,0.0,0.0,Stadion Arsenal
183,1492362000,Apr 16 2017 - 5:00pm,complete,43333,Spartak Moskva,Zenit,,2.73,1.3,2.8,1.67,2,1,3,1,1,0,"21,80",66,7,5,1,0,0,0,0,1,0,0,11,6,7,2,4,4,8,4,43,57,0.0,0.0,2.09,29,53,38,24,10,29,62,10.49,4.15,0.0,0.0,0.0,0.0,0.0,0.0,0.0,0.0,0.0,Otkrytiye Arena
184,1492783200,Apr 21 2017 - 2:00pm,complete,8150,Ufa,CSKA Moskva,,1.18,1.75,1.47,2.0,0,2,2,0,0,0,,"65,90",3,11,0,0,3,0,0,0,1,2,6,10,5,6,1,4,7,7,42,58,0.0,0.0,1.66,35,39,22,18,5,13,44,10.19,3.26,0.0,0.0,0.0,0.0,0.0,0.0,0.0,0.0,0.0,Stadion Neftyanik (Ufa)
185,1492858800,Apr 22 2017 - 11:00am,complete,20004,Zenit,Ural,,2.5,0.91,2.4,0.67,2,0,2,0,0,0,"86,90'3",,9,1,2,0,3,3,0,2,2,4,19,11,10,9,9,2,8,8,63,37,0.0,0.0,2.65,48,74,44,35,17,35,65,10.14,4.53,0.0,0.0,0.0,0.0,0.0,0.0,0.0,0.0,0.0,Stadion Krestovskyi (Sankt-Peterburg (St. Petersburg))
186,1492867800,Apr 22 2017 - 1:30pm,complete,11800,Rostov,Spartak Moskva,,2.27,1.91,2.47,1.8,3,0,3,2,2,0,"23,45'3,50",,4,5,2,0,0,1,1,1,0,1,7,5,0,4,7,1,13,9,40,60,0.0,0.0,2.19,37,59,36,27,9,32,68,9.63,4.27,0.0,0.0,0.0,0.0,0.0,0.0,0.0,0.0,0.0,Stadion Olimp 2 (Rostov-na-Donu)
187,1492867800,Apr 22 2017 - 1:30pm,complete,7035,Lokomotiv Moskva,Amkar Perm,,1.36,0.67,1.27,0.67,3,3,6,2,1,1,"42,54,56","22,61,88",8,2,1,0,2,0,0,1,1,1,14,0,5,0,9,0,11,16,55,45,0.0,0.0,2.0,44,57,35,26,0,30,61,8.43,3.76,0.0,0.0,0.0,0.0,0.0,0.0,0.0,0.0,0.0,Stadion Lokomotiv
188,1492876800,Apr 22 2017 - 4:00pm,complete,15537,Akhmat Grozny,Anzhi Makhachkala,,1.77,1.0,1.73,1.0,0,1,1,1,0,1,,14,8,2,1,0,4,0,1,0,1,3,12,6,3,2,9,4,19,31,64,36,0.0,0.0,2.16,45,63,45,16,0,41,71,7.8,4.6,0.0,0.0,0.0,0.0,0.0,0.0,0.0,0.0,0.0,Akhmat Arena
189,1492938000,Apr 23 2017 - 9:00am,complete,2500,Tom' Tomsk,Orenburg,,1.1,0.25,0.73,0.47,1,2,3,2,1,1,36,"22,73",1,5,1,0,1,0,1,0,1,0,4,14,0,5,4,9,19,14,46,54,0.0,0.0,2.39,28,50,37,24,19,19,69,7.92,4.93,0.0,0.0,0.0,0.0,0.0,0.0,0.0,0.0,0.0,Stadion Trud (Tomsk)
190,1492947000,Apr 23 2017 - 11:30am,complete,7513,Krylya Sovetov,Rubin Kazan,,1.27,0.82,1.07,1.07,0,0,0,0,0,0,,,8,6,2,0,2,0,1,1,0,2,13,7,5,3,8,4,13,15,47,53,0.0,0.0,2.55,55,69,55,32,9,41,78,8.64,3.9,0.0,0.0,0.0,0.0,0.0,0.0,0.0,0.0,0.0,Stadion Metallurg (Samara)
191,1492956000,Apr 23 2017 - 2:00pm,complete,16214,Krasnodar,Arsenal Tula,,2.0,0.25,2.0,0.2,2,0,2,0,0,0,"49,84",,4,3,0,0,2,0,0,0,1,1,5,9,3,6,2,3,13,12,58,42,0.0,0.0,2.51,48,72,48,24,8,29,69,9.21,3.06,0.0,0.0,0.0,0.0,0.0,0.0,0.0,0.0,0.0,Stadion FK Krasnodar
192,1493137800,Apr 25 2017 - 4:30pm,complete,7834,Rostov,Ufa,,2.33,1.67,2.47,1.4,1,0,1,1,1,0,23,,6,7,0,0,3,0,0,0,2,1,7,12,3,8,4,4,12,14,47,53,0.0,0.0,1.46,13,42,17,4,4,17,50,8.59,4.75,0.0,0.0,0.0,0.0,0.0,0.0,0.0,0.0,0.0,Stadion Olimp 2 (Rostov-na-Donu)
193,1493137800,Apr 25 2017 - 4:30pm,complete,30823,Spartak Moskva,Ural,,2.75,0.83,2.8,0.67,1,0,1,1,1,0,23,,5,3,1,0,1,0,0,1,0,1,11,6,5,5,6,1,9,10,56,44,0.0,0.0,2.38,38,63,42,29,8,21,59,8.67,4.25,0.0,0.0,0.0,0.0,0.0,0.0,0.0,0.0,0.0,Otkrytiye Arena
194,1493215200,Apr 26 2017 - 2:00pm,complete,5543,Orenburg,Zenit,,1.45,1.18,1.53,1.67,0,1,1,1,0,1,,17,4,2,0,0,5,0,0,0,1,4,8,5,4,4,4,1,17,14,39,61,0.0,0.0,2.0,41,60,41,18,5,32,60,10.0,4.63,0.0,0.0,0.0,0.0,0.0,0.0,0.0,0.0,0.0,Stadion Gazovik
195,1493224200,Apr 26 2017 - 4:30pm,complete,15121,Rubin Kazan,Akhmat Grozny,,1.58,1.0,1.47,1.47,0,1,1,1,0,1,,44,9,3,4,0,3,0,1,3,2,1,14,7,5,4,9,3,11,18,61,39,0.0,0.0,2.03,37,64,42,19,5,28,55,8.98,3.5,0.0,0.0,0.0,0.0,0.0,0.0,0.0,0.0,0.0,Kazan' Arena
196,1493224200,Apr 26 2017 - 4:30pm,complete,11730,Arsenal Tula,Krylya Sovetov,,1.36,0.5,1.67,0.8,2,0,2,1,1,0,"31,80",,3,5,2,0,3,0,1,1,2,1,11,13,4,4,7,9,9,16,46,54,0.0,0.0,1.78,21,48,35,13,5,13,53,7.45,3.93,0.0,0.0,0.0,0.0,0.0,0.0,0.0,0.0,0.0,Stadion Arsenal
197,1493224200,Apr 26 2017 - 4:30pm,complete,16940,CSKA Moskva,Lokomotiv Moskva,,2.09,1.58,2.13,1.53,4,0,4,3,3,0,"11,39,45,52",,5,4,0,0,0,0,0,0,0,0,9,9,4,6,5,3,12,13,47,53,0.0,0.0,2.09,30,61,39,18,4,27,62,8.8,3.81,0.0,0.0,0.0,0.0,0.0,0.0,0.0,0.0,0.0,VEB Arena
198,1493301600,Apr 27 2017 - 2:00pm,complete,7250,Amkar Perm,Krasnodar,,2.27,1.2,1.67,1.27,0,2,2,0,0,0,,"63,76",6,7,1,0,0,0,0,1,0,0,11,10,7,6,4,4,11,11,37,63,0.0,0.0,1.29,29,43,15,0,0,19,57,7.95,3.25,0.0,0.0,0.0,0.0,0.0,0.0,0.0,0.0,0.0,Stadion Zvezda
199,1493310600,Apr 27 2017 - 4:30pm,complete,3520,Anzhi Makhachkala,Tom' Tomsk,,1.08,0.15,1.0,0.2,3,3,6,2,1,1,"29,51,90'7","25,70,90'3",12,1,2,0,6,0,1,1,2,4,14,5,9,0,5,5,11,27,62,38,0.0,0.0,2.15,28,52,48,28,4,28,64,8.79,5.25,0.0,0.0,0.0,0.0,0.0,0.0,0.0,0.0,0.0,Anzhi-Arena
200,1493472600,Apr 29 2017 - 1:30pm,complete,7035,Lokomotiv Moskva,Rubin Kazan,,1.33,0.83,1.27,1.07,0,1,1,1,0,1,,20,12,2,2,0,4,0,1,1,0,4,13,7,5,3,8,4,10,12,59,41,0.0,0.0,2.25,50,59,38,29,13,25,67,9.34,3.5,0.0,0.0,0.0,0.0,0.0,0.0,0.0,0.0,0.0,Stadion Lokomotiv
201,1493481600,Apr 29 2017 - 4:00pm,complete,12168,Akhmat Grozny,Ural,,1.64,0.77,1.73,0.67,5,2,7,2,1,1,"33,63,67,83,90'2","21,87",6,1,0,0,2,0,0,0,1,1,8,7,2,3,6,4,16,8,45,55,0.0,0.0,2.3,48,63,44,26,4,37,67,7.67,4.26,0.0,0.0,0.0,0.0,0.0,0.0,0.0,0.0,0.0,Akhmat Arena
202,1493551800,Apr 30 2017 - 11:30am,complete,5862,Ufa,Arsenal Tula,,1.08,0.23,1.47,0.2,1,0,1,0,0,0,90'3,,9,2,1,0,1,0,1,0,0,1,6,5,4,0,2,5,14,11,52,48,0.0,0.0,2.03,36,56,28,24,8,23,56,8.77,3.77,0.0,0.0,0.0,0.0,0.0,0.0,0.0,0.0,0.0,Stadion Neftyanik (Ufa)
203,1493560800,Apr 30 2017 - 2:00pm,complete,27352,CSKA Moskva,Spartak Moskva,,2.17,1.75,2.13,1.8,1,2,3,2,1,1,45,"32,51",7,3,2,0,2,0,0,2,1,1,14,10,5,6,9,4,15,10,51,49,0.0,0.0,2.54,38,71,50,38,4,50,84,9.75,3.75,0.0,0.0,0.0,0.0,0.0,0.0,0.0,0.0,0.0,VEB Arena
204,1493569800,Apr 30 2017 - 4:30pm,complete,9873,Rostov,Amkar Perm,,2.38,0.69,2.47,0.67,1,0,1,0,0,0,57,,4,2,0,0,2,1,0,0,1,2,10,4,5,2,5,2,15,15,56,44,0.0,0.0,2.0,31,50,39,23,8,35,62,7.69,4.47,0.0,0.0,0.0,0.0,0.0,0.0,0.0,0.0,0.0,Stadion Olimp 2 (Rostov-na-Donu)
205,1493632800,May 01 2017 - 10:00am,complete,6958,Tom' Tomsk,Zenit,,1.0,1.33,0.73,1.67,0,2,2,1,0,1,,"35,83",3,6,1,0,2,0,1,0,1,1,2,12,0,6,2,6,16,11,40,60,0.0,0.0,2.37,35,57,44,22,13,30,70,9.26,4.58,0.0,0.0,0.0,0.0,0.0,0.0,0.0,0.0,0.0,Stadion Trud (Tomsk)
206,1493641800,May 01 2017 - 12:30pm,complete,7915,Krylya Sovetov,Orenburg,,1.25,0.46,1.07,0.47,1,1,2,0,0,0,85,68,11,1,0,0,1,0,0,0,0,1,13,10,7,4,6,6,16,11,62,38,0.0,0.0,2.29,41,65,48,20,8,37,68,8.71,4.19,0.0,0.0,0.0,0.0,0.0,0.0,0.0,0.0,0.0,Stadion Metallurg (Samara)
207,1493650800,May 01 2017 - 3:00pm,complete,27658,Krasnodar,Anzhi Makhachkala,,2.07,1.17,2.0,1.0,0,0,0,0,0,0,,,4,3,2,0,4,0,0,2,1,3,9,6,7,2,2,4,14,16,65,35,0.0,0.0,2.28,38,69,45,15,4,20,62,9.0,4.21,0.0,0.0,0.0,0.0,0.0,0.0,0.0,0.0,0.0,Stadion FK Krasnodar
208,1494068400,May 06 2017 - 11:00am,complete,7100,Amkar Perm,CSKA Moskva,,2.08,1.85,1.67,2.0,0,2,2,0,0,0,,"60,65",2,3,3,0,0,0,1,2,0,0,5,11,0,6,5,5,11,14,39,61,0.0,0.0,1.48,24,44,12,4,0,16,48,9.13,2.73,0.0,0.0,0.0,0.0,0.0,0.0,0.0,0.0,0.0,Stadion Zvezda
209,1494077400,May 06 2017 - 1:30pm,complete,10100,Arsenal Tula,Rostov,,1.5,0.67,1.67,0.73,1,0,1,1,1,0,37,,6,5,3,0,1,0,1,2,1,0,2,9,0,7,2,2,17,15,42,58,0.0,0.0,1.67,13,42,29,13,13,17,54,7.06,5.0,0.0,0.0,0.0,0.0,0.0,0.0,0.0,0.0,0.0,Stadion Arsenal
210,1494086400,May 06 2017 - 4:00pm,complete,42070,Spartak Moskva,Tom' Tomsk,,2.77,0.21,2.8,0.2,1,0,1,1,1,0,15,,5,5,0,0,3,0,0,0,3,0,14,5,7,2,7,3,15,15,56,44,0.0,0.0,2.4,30,55,51,26,8,26,74,8.66,4.67,0.0,0.0,0.0,0.0,0.0,0.0,0.0,0.0,0.0,Otkrytiye Arena
211,1494154800,May 07 2017 - 11:00am,complete,6805,Orenburg,Krasnodar,,1.33,1.36,1.53,1.27,1,0,1,0,0,0,49,,5,4,3,0,3,0,2,1,2,1,10,8,6,3,4,5,21,23,37,63,0.0,0.0,1.6,39,53,26,9,0,22,52,9.22,3.63,0.0,0.0,0.0,0.0,0.0,0.0,0.0,0.0,0.0,Stadion Gazovik
212,1494163800,May 07 2017 - 1:30pm,complete,4298,Rubin Kazan,Ufa,,1.46,1.54,1.47,1.4,2,1,3,2,1,1,"37,53",19,5,4,4,0,5,0,0,4,2,3,12,8,4,4,8,4,10,21,57,43,0.0,0.0,1.46,20,43,16,4,0,16,54,9.3,4.46,0.0,0.0,0.0,0.0,0.0,0.0,0.0,0.0,0.0,Kazan' Arena
213,1494172800,May 07 2017 - 4:00pm,complete,30673,Zenit,Akhmat Grozny,,2.54,1.18,2.4,1.47,0,1,1,0,0,0,,65,9,0,1,1,1,0,0,2,1,0,15,5,8,3,7,2,14,11,73,27,0.0,0.0,2.44,41,71,42,29,16,33,67,10.96,4.24,0.0,0.0,0.0,0.0,0.0,0.0,0.0,0.0,0.0,Stadion Krestovskyi (Sankt-Peterburg (St. Petersburg))
214,1494243000,May 08 2017 - 11:30am,complete,4100,Ural,Krylya Sovetov,,1.58,0.46,1.33,0.8,1,3,4,1,1,0,2,"54,75,89",6,1,0,0,3,0,0,0,2,1,11,6,6,3,5,3,6,13,54,46,0.0,0.0,1.8,28,48,23,12,4,16,65,8.27,3.02,0.0,0.0,0.0,0.0,0.0,0.0,0.0,0.0,0.0,SKB-Bank Arena (Ekaterinburg)
215,1494252000,May 08 2017 - 2:00pm,complete,4980,Anzhi Makhachkala,Lokomotiv Moskva,,1.08,1.46,1.0,1.53,0,0,0,0,0,0,,,9,6,1,0,3,0,1,0,0,3,10,6,5,3,5,3,7,18,43,57,0.0,0.0,2.23,35,54,38,27,12,23,54,9.92,4.23,0.0,0.0,0.0,0.0,0.0,0.0,0.0,0.0,0.0,Anzhi-Arena
216,1494606600,May 12 2017 - 4:30pm,complete,10791,CSKA Moskva,Arsenal Tula,,2.0,0.21,2.13,0.2,3,0,3,2,2,0,"31,41,53",,7,0,1,0,2,0,0,1,1,1,14,3,5,0,9,3,10,15,70,30,0.0,0.0,2.26,34,67,42,26,4,45,71,8.34,3.25,0.0,0.0,0.0,0.0,0.0,0.0,0.0,0.0,0.0,VEB Arena
217,1494666000,May 13 2017 - 9:00am,complete,3300,Ural,Krasnodar,,1.46,1.25,1.33,1.27,1,1,2,1,1,0,42,90'2,3,7,0,0,3,0,0,0,0,3,6,16,2,8,4,8,13,23,41,59,0.0,0.0,1.59,28,48,16,8,4,16,60,9.12,2.75,0.0,0.0,0.0,0.0,0.0,0.0,0.0,0.0,0.0,SKB-Bank Arena (Ekaterinburg)
218,1494675000,May 13 2017 - 11:30am,complete,12300,Amkar Perm,Spartak Moskva,,1.92,1.85,1.67,1.8,0,1,1,0,0,0,,50,7,0,1,0,0,0,0,1,0,0,14,5,4,2,10,3,8,14,54,46,0.0,0.0,2.12,35,62,31,19,4,35,73,8.62,3.85,0.0,0.0,0.0,0.0,0.0,0.0,0.0,0.0,0.0,Stadion Zvezda
219,1494680400,May 13 2017 - 1:00pm,complete,18753,Krylya Sovetov,Zenit,,1.23,1.46,1.07,1.67,1,3,4,3,0,3,55,"1,8,35",6,5,3,0,0,0,1,2,0,0,12,7,10,3,2,4,15,10,50,50,0.0,0.0,2.19,43,70,46,19,4,39,66,10.77,3.92,0.0,0.0,0.0,0.0,0.0,0.0,0.0,0.0,0.0,Stadion Metallurg (Samara)
220,1494693000,May 13 2017 - 4:30pm,complete,10177,Lokomotiv Moskva,Orenburg,,1.23,0.5,1.27,0.47,4,0,4,1,1,0,"37,50,72,85",,5,4,1,0,1,0,1,0,1,0,12,6,7,3,5,3,18,18,59,41,0.0,0.0,2.15,41,60,34,19,11,22,63,9.28,3.72,0.0,0.0,0.0,0.0,0.0,0.0,0.0,0.0,0.0,Stadion Lokomotiv
221,1494752400,May 14 2017 - 9:00am,complete,3250,Tom' Tomsk,Akhmat Grozny,,0.92,1.33,0.73,1.47,1,2,3,0,0,0,80,"60,62",2,6,3,0,2,0,2,1,1,1,4,10,2,2,2,8,21,11,46,54,0.0,0.0,2.38,33,58,42,25,13,25,67,8.0,3.92,0.0,0.0,0.0,0.0,0.0,0.0,0.0,0.0,0.0,Stadion Trud (Tomsk)
222,1494768600,May 14 2017 - 1:30pm,complete,5800,Ufa,Anzhi Makhachkala,,1.23,1.15,1.47,1.0,2,1,3,2,1,1,"34,90",41,4,5,1,0,0,0,1,0,0,0,7,9,4,3,3,6,15,6,50,50,0.0,0.0,1.73,27,46,27,16,4,16,50,8.96,5.0,0.0,0.0,0.0,0.0,0.0,0.0,0.0,0.0,0.0,Stadion Neftyanik (Ufa)
223,1494777600,May 14 2017 - 4:00pm,complete,11091,Rostov,Rubin Kazan,,2.43,1.0,2.47,1.07,4,2,6,2,2,0,"7,19,51,73","75,87",3,6,1,0,1,0,1,0,0,1,5,8,3,6,2,2,14,10,49,51,0.0,0.0,1.86,30,45,34,19,11,22,64,8.27,4.25,0.0,0.0,0.0,0.0,0.0,0.0,0.0,0.0,0.0,Stadion Olimp 2 (Rostov-na-Donu)
224,1495022400,May 17 2017 - 12:00pm,complete,2250,Tom' Tomsk,Krylya Sovetov,,0.85,0.64,0.73,0.8,0,2,2,1,0,1,,"5,80",5,4,3,0,1,0,2,1,1,0,9,13,0,7,9,6,20,14,59,41,0.0,0.0,2.38,41,60,45,22,8,19,63,7.56,3.93,0.0,0.0,0.0,0.0,0.0,0.0,0.0,0.0,0.0,Stadion Trud (Tomsk)
225,1495031400,May 17 2017 - 2:30pm,complete,5226,Orenburg,Ufa,,1.46,1.43,1.53,1.4,1,1,2,0,0,0,90,90'3,7,6,1,0,2,0,0,1,1,1,10,5,7,3,3,2,12,15,54,46,0.0,0.0,1.57,26,41,19,8,0,19,56,8.98,5.08,0.0,0.0,0.0,0.0,0.0,0.0,0.0,0.0,0.0,Stadion Gazovik
226,1495031400,May 17 2017 - 2:30pm,complete,5570,Ural,Lokomotiv Moskva,,1.43,1.43,1.33,1.53,1,2,3,2,0,2,78,"33,44",10,2,2,0,3,1,0,2,0,4,10,10,6,3,4,7,12,21,63,37,0.0,0.0,1.97,29,54,25,14,7,14,65,8.79,3.07,0.0,0.0,0.0,0.0,0.0,0.0,0.0,0.0,0.0,SKB-Bank Arena (Ekaterinburg)
227,1495038600,May 17 2017 - 4:30pm,complete,18098,Zenit,Krasnodar,,2.36,1.23,2.4,1.27,1,0,1,1,1,0,12,,10,5,2,0,1,0,0,2,0,1,16,10,9,7,7,3,11,16,48,52,0.0,0.0,1.98,41,63,26,15,11,26,55,11.63,3.98,0.0,0.0,0.0,0.0,0.0,0.0,0.0,0.0,0.0,Stadion Petrovskiy
228,1495038600,May 17 2017 - 4:30pm,complete,43602,Spartak Moskva,Akhmat Grozny,,2.79,1.46,2.8,1.47,3,0,3,2,2,0,"15,19,74",,3,5,2,0,1,0,1,1,1,0,10,13,8,7,2,6,9,11,59,41,0.0,0.0,2.11,34,53,41,22,8,19,63,9.29,3.36,0.0,0.0,0.0,0.0,0.0,0.0,0.0,0.0,0.0,Otkrytiye Arena
229,1495038600,May 17 2017 - 4:30pm,complete,21405,Rubin Kazan,CSKA Moskva,,1.57,1.93,1.47,2.0,0,2,2,0,0,0,,"72,90'3",1,6,0,1,0,0,0,1,0,0,6,18,4,11,2,7,11,9,36,64,0.0,0.0,1.72,33,54,25,7,0,22,47,10.14,3.0,0.0,0.0,0.0,0.0,0.0,0.0,0.0,0.0,0.0,Kazan' Arena
230,1495038600,May 17 2017 - 4:30pm,complete,4500,Anzhi Makhachkala,Rostov,,1.07,0.62,1.0,0.73,1,2,3,0,0,0,78,"61,64",5,3,2,0,2,0,1,1,0,2,9,6,4,4,5,2,15,21,51,49,0.0,0.0,1.85,30,37,34,26,15,26,52,9.47,4.83,0.0,0.0,0.0,0.0,0.0,0.0,0.0,0.0,0.0,Anzhi-Arena
231,1495038600,May 17 2017 - 4:30pm,complete,8100,Arsenal Tula,Amkar Perm,,1.62,0.64,1.67,0.67,0,0,0,0,0,0,,,2,3,1,0,2,0,0,1,0,2,12,7,5,0,7,7,8,18,53,47,0.0,0.0,1.96,22,48,33,22,8,26,63,6.9,4.94,0.0,0.0,0.0,0.0,0.0,0.0,0.0,0.0,0.0,Stadion Arsenal
232,1495368000,May 21 2017 - 12:00pm,complete,6952,Orenburg,Rostov,,1.43,0.79,1.53,0.73,2,0,2,0,0,0,"52,75",,1,6,7,1,6,1,2,6,1,6,2,13,2,7,0,6,15,12,33,67,0.0,0.0,1.75,36,43,33,14,7,21,50,8.29,4.71,0.0,0.0,0.0,0.0,0.0,0.0,0.0,0.0,0.0,Stadion Gazovik
233,1495368000,May 21 2017 - 12:00pm,complete,3300,Tom' Tomsk,Krasnodar,,0.79,1.14,0.73,1.27,1,5,6,3,0,3,49,"17,26,33,71,79",2,4,4,0,0,0,2,2,0,0,2,16,2,7,0,9,18,17,36,64,0.0,0.0,2.0,36,57,29,11,7,18,61,8.79,3.78,0.0,0.0,0.0,0.0,0.0,0.0,0.0,0.0,0.0,Stadion Trud (Tomsk)
234,1495368000,May 21 2017 - 12:00pm,complete,14022,Lokomotiv Moskva,Zenit,,1.36,1.57,1.27,1.67,0,2,2,1,0,1,,"33,83",2,7,4,0,2,0,3,1,2,0,12,5,4,5,8,0,14,12,48,52,0.0,0.0,2.22,40,64,40,25,7,29,68,11.0,3.5,0.0,0.0,0.0,0.0,0.0,0.0,0.0,0.0,0.0,Stadion Lokomotiv
235,1495368000,May 21 2017 - 12:00pm,complete,5200,Ufa,Ural,,1.36,0.71,1.47,0.67,1,0,1,1,1,0,38,,5,4,0,0,0,0,0,0,0,0,5,13,2,4,3,9,15,9,52,48,0.0,0.0,2.25,40,57,36,29,11,22,50,8.5,4.43,0.0,0.0,0.0,0.0,0.0,0.0,0.0,0.0,0.0,Stadion Neftyanik (Ufa)
236,1495368000,May 21 2017 - 12:00pm,complete,18500,Arsenal Tula,Spartak Moskva,,1.57,1.93,1.67,1.8,3,0,3,2,2,0,"3,24,63",,2,7,0,0,0,1,0,0,1,0,6,5,0,4,6,1,13,8,41,59,0.0,0.0,2.11,25,57,36,22,7,29,72,8.33,4.21,0.0,0.0,0.0,0.0,0.0,0.0,0.0,0.0,0.0,Stadion Arsenal
237,1495368000,May 21 2017 - 12:00pm,complete,4300,Amkar Perm,Rubin Kazan,,1.79,0.93,1.67,1.07,1,2,3,2,0,2,69,"24,35",4,7,2,0,3,1,0,2,0,4,9,6,5,3,4,3,8,14,58,42,0.0,0.0,1.9,32,47,25,18,11,22,65,7.79,4.0,0.0,0.0,0.0,0.0,0.0,0.0,0.0,0.0,0.0,Stadion Zvezda
238,1495368000,May 21 2017 - 12:00pm,complete,16523,CSKA Moskva,Anzhi Makhachkala,,2.07,1.07,2.13,1.0,4,0,4,3,3,0,"17,24,38,49",,6,3,1,0,1,0,1,0,1,0,10,4,3,4,7,0,12,11,63,37,0.0,0.0,2.11,29,64,47,18,0,43,72,8.62,4.36,0.0,0.0,0.0,0.0,0.0,0.0,0.0,0.0,0.0,VEB Arena
239,1495368000,May 21 2017 - 12:00pm,complete,4632,Krylya Sovetov,Akhmat Grozny,,1.14,1.36,1.07,1.47,1,3,4,1,0,1,90,"37,56,76",4,6,2,0,2,0,0,2,1,1,11,7,7,4,4,3,11,14,56,44,0.0,0.0,2.36,47,72,54,25,4,40,61,9.78,3.43,0.0,0.0,0.0,0.0,0.0,0.0,0.0,0.0,0.0,Stadion Metallurg (Samara)
